[
  {
    "id": "theo_b9515ffe8f41",
    "slug": "anselm-of-canterbury",
    "full_name": "Anselm of Canterbury",
    "name": "Anselm of Canterbury",
    "dates": "1033–1109",
    "era_category": [],
    "traditions": [],
    "bio": "",
    "timeline": [],
    "key_work_ids": [],
    "wts_relevance": true,
    "created_at": "2025-08-16",
    "updated_at": "2025-08-16"
  },
  {
    "id": "theo_d4aee8289faa",
    "slug": "peter-abelard",
    "full_name": "Peter Abelard",
    "name": "Peter Abelard",
    "dates": "1079–1142",
    "era_category": [],
    "traditions": [],
    "bio": "",
    "timeline": [],
    "key_work_ids": [],
    "wts_relevance": true,
    "created_at": "2025-08-16",
    "updated_at": "2025-08-16"
  },
  {
    "id": "theo_f0740853d304",
    "slug": "thomas-aquinas",
    "full_name": "Thomas Aquinas",
    "name": "Thomas Aquinas",
    "dates": "1225–1274",
    "era_category": [],
    "traditions": [],
    "bio": "",
    "timeline": [],
    "key_work_ids": [],
    "wts_relevance": true,
    "created_at": "2025-08-16",
    "updated_at": "2025-08-16"
  },
  {
    "id": "theo_4957eb6ae45c",
    "slug": "martin-luther",
    "full_name": "Martin Luther",
    "name": "Martin Luther",
    "dates": "1483–1546",
    "era_category": [],
    "traditions": [],
    "bio": "",
    "timeline": [],
    "key_work_ids": [],
    "wts_relevance": true,
    "created_at": "2025-08-16",
    "updated_at": "2025-08-16"
  },
  {
    "id": "theo_4f9899419004",
    "slug": "huldrych-zwingli",
    "full_name": "Huldrych Zwingli",
    "name": "Huldrych Zwingli",
    "dates": "1484–1531",
    "era_category": [],
    "traditions": [],
    "bio": "",
    "timeline": [],
    "key_work_ids": [],
    "wts_relevance": true,
    "created_at": "2025-08-16",
    "updated_at": "2025-08-16"
  },
  {
    "id": "theo_981ba1a87816",
    "slug": "martin-bucer",
    "full_name": "Martin Bucer",
    "name": "Martin Bucer",
    "dates": "1491–1551",
    "era_category": [],
    "traditions": [],
    "bio": "",
    "timeline": [],
    "key_work_ids": [],
    "wts_relevance": true,
    "created_at": "2025-08-16",
    "updated_at": "2025-08-16"
  },
  {
    "id": "theo_1a0567e316f5",
    "slug": "peter-martyr-vermigli",
    "full_name": "Peter Martyr Vermigli",
    "name": "Peter Martyr Vermigli",
    "dates": "1499–1562",
    "era_category": [],
    "traditions": [],
    "bio": "",
    "timeline": [],
    "key_work_ids": [],
    "wts_relevance": true,
    "created_at": "2025-08-16",
    "updated_at": "2025-08-16"
  },
  {
    "id": "theo_c008d896dad3",
    "slug": "heinrich-bullinger",
    "full_name": "Heinrich Bullinger",
    "name": "Heinrich Bullinger",
    "dates": "1504–1575",
    "era_category": [],
    "traditions": [],
    "bio": "",
    "timeline": [],
    "key_work_ids": [],
    "wts_relevance": true,
    "created_at": "2025-08-16",
    "updated_at": "2025-08-16"
  },
  {
    "id": "theo_a1d8cf894ef6",
    "slug": "john-calvin",
    "full_name": "John Calvin",
    "name": "John Calvin",
    "dates": "1509–1564",
    "era_category": [],
    "traditions": [],
    "bio": "",
    "timeline": [],
    "key_work_ids": [],
    "wts_relevance": true,
    "created_at": "2025-08-16",
    "updated_at": "2025-08-16"
  },
  {
    "id": "theo_a35f13aff193",
    "slug": "jerome-zanchi",
    "full_name": "Jerome Zanchi",
    "name": "Jerome Zanchi",
    "dates": "1516–1590",
    "era_category": [],
    "traditions": [],
    "bio": "",
    "timeline": [],
    "key_work_ids": [],
    "wts_relevance": true,
    "created_at": "2025-08-16",
    "updated_at": "2025-08-16"
  },
  {
    "id": "theo_b458d70aea1b",
    "slug": "theodore-beza",
    "full_name": "Theodore Beza",
    "name": "Theodore Beza",
    "dates": "1519–1605",
    "era_category": [],
    "traditions": [],
    "bio": "",
    "timeline": [],
    "key_work_ids": [],
    "wts_relevance": true,
    "created_at": "2025-08-16",
    "updated_at": "2025-08-16"
  },
  {
    "id": "theo_3ef527d8435d",
    "slug": "martin-chemnitz",
    "full_name": "Martin Chemnitz",
    "name": "Martin Chemnitz",
    "dates": "1522–1586",
    "era_category": [],
    "traditions": [],
    "bio": "",
    "timeline": [],
    "key_work_ids": [],
    "wts_relevance": true,
    "created_at": "2025-08-16",
    "updated_at": "2025-08-16"
  },
  {
    "id": "theo_6972ef3bdeb3",
    "slug": "zacharias-ursinus",
    "full_name": "Zacharias Ursinus",
    "name": "Zacharias Ursinus",
    "dates": "1534–1583",
    "era_category": [],
    "traditions": [],
    "bio": "",
    "timeline": [],
    "key_work_ids": [],
    "wts_relevance": true,
    "created_at": "2025-08-16",
    "updated_at": "2025-08-16"
  },
  {
    "id": "theo_7eb7c44e03df",
    "slug": "luis-de-molina",
    "full_name": "Luis de Molina",
    "name": "Luis de Molina",
    "dates": "1535–1600",
    "era_category": [],
    "traditions": [],
    "bio": "",
    "timeline": [],
    "key_work_ids": [],
    "wts_relevance": true,
    "created_at": "2025-08-16",
    "updated_at": "2025-08-16"
  },
  {
    "id": "theo_4d5360a0b60c",
    "slug": "thomas-cartwright",
    "full_name": "Thomas Cartwright",
    "name": "Thomas Cartwright",
    "dates": "1535–1603",
    "era_category": [],
    "traditions": [],
    "bio": "",
    "timeline": [],
    "key_work_ids": [],
    "wts_relevance": true,
    "created_at": "2025-08-16",
    "updated_at": "2025-08-16"
  },
  {
    "id": "theo_12c54f5dccd0",
    "slug": "caspar-olevianus",
    "full_name": "Caspar Olevianus",
    "name": "Caspar Olevianus",
    "dates": "1536–1587",
    "era_category": [],
    "traditions": [],
    "bio": "",
    "timeline": [],
    "key_work_ids": [],
    "wts_relevance": true,
    "created_at": "2025-08-16",
    "updated_at": "2025-08-16"
  },
  {
    "id": "theo_bdebefdda6e2",
    "slug": "robert-bellarmine",
    "full_name": "Robert Bellarmine",
    "name": "Robert Bellarmine",
    "dates": "1542–1621",
    "era_category": [],
    "traditions": [],
    "bio": "",
    "timeline": [],
    "key_work_ids": [],
    "wts_relevance": true,
    "created_at": "2025-08-16",
    "updated_at": "2025-08-16"
  },
  {
    "id": "theo_eed6743a8a26",
    "slug": "william-whitaker",
    "full_name": "William Whitaker",
    "name": "William Whitaker",
    "dates": "1548–1595",
    "era_category": [],
    "traditions": [],
    "bio": "",
    "timeline": [],
    "key_work_ids": [],
    "wts_relevance": true,
    "created_at": "2025-08-16",
    "updated_at": "2025-08-16"
  },
  {
    "id": "theo_9d1c9e716e52",
    "slug": "william-perkins",
    "full_name": "William Perkins",
    "name": "William Perkins",
    "dates": "1558–1602",
    "era_category": [],
    "traditions": [],
    "bio": "",
    "timeline": [],
    "key_work_ids": [],
    "wts_relevance": true,
    "created_at": "2025-08-16",
    "updated_at": "2025-08-16"
  },
  {
    "id": "theo_751289717f03",
    "slug": "jacobus-arminius",
    "full_name": "Jacobus Arminius",
    "name": "Jacobus Arminius",
    "dates": "1560–1609",
    "era_category": [],
    "traditions": [],
    "bio": "",
    "timeline": [],
    "key_work_ids": [],
    "wts_relevance": true,
    "created_at": "2025-08-16",
    "updated_at": "2025-08-16"
  },
  {
    "id": "theo_2498929fd72b",
    "slug": "hugo-grotius",
    "full_name": "Hugo Grotius",
    "name": "Hugo Grotius",
    "dates": "1583–1645",
    "era_category": [],
    "traditions": [],
    "bio": "",
    "timeline": [],
    "key_work_ids": [],
    "wts_relevance": true,
    "created_at": "2025-08-16",
    "updated_at": "2025-08-16"
  },
  {
    "id": "theo_135b43c4081d",
    "slug": "john-ball",
    "full_name": "John Ball",
    "name": "John Ball",
    "dates": "1585–1640",
    "era_category": [],
    "traditions": [],
    "bio": "",
    "timeline": [],
    "key_work_ids": [],
    "wts_relevance": true,
    "created_at": "2025-08-16",
    "updated_at": "2025-08-16"
  },
  {
    "id": "theo_de14dfbee36e",
    "slug": "samuel-rutherford",
    "full_name": "Samuel Rutherford",
    "name": "Samuel Rutherford",
    "dates": "1600–1661",
    "era_category": [],
    "traditions": [],
    "bio": "",
    "timeline": [],
    "key_work_ids": [],
    "wts_relevance": true,
    "created_at": "2025-08-16",
    "updated_at": "2025-08-16"
  },
  {
    "id": "theo_76676de8df3a",
    "slug": "johannes-cocceius",
    "full_name": "Johannes Cocceius",
    "name": "Johannes Cocceius",
    "dates": "1603–1669",
    "era_category": [],
    "traditions": [],
    "bio": "",
    "timeline": [],
    "key_work_ids": [],
    "wts_relevance": true,
    "created_at": "2025-08-16",
    "updated_at": "2025-08-16"
  },
  {
    "id": "theo_06305c7dfd89",
    "slug": "thomas-brooks",
    "full_name": "Thomas Brooks",
    "name": "Thomas Brooks",
    "dates": "1608–1680",
    "era_category": [],
    "traditions": [],
    "bio": "",
    "timeline": [],
    "key_work_ids": [],
    "wts_relevance": true,
    "created_at": "2025-08-16",
    "updated_at": "2025-08-16"
  },
  {
    "id": "theo_be26c8815459",
    "slug": "richard-baxter",
    "full_name": "Richard Baxter",
    "name": "Richard Baxter",
    "dates": "1615–1691",
    "era_category": [],
    "traditions": [],
    "bio": "",
    "timeline": [],
    "key_work_ids": [],
    "wts_relevance": true,
    "created_at": "2025-08-16",
    "updated_at": "2025-08-16"
  },
  {
    "id": "theo_01884231e7c8",
    "slug": "john-owen",
    "full_name": "John Owen",
    "name": "John Owen",
    "dates": "1616–1683",
    "era_category": [],
    "traditions": [],
    "bio": "",
    "timeline": [],
    "key_work_ids": [],
    "wts_relevance": true,
    "created_at": "2025-08-16",
    "updated_at": "2025-08-16"
  },
  {
    "id": "theo_615bf9a64d03",
    "slug": "patrick-gillespie",
    "full_name": "Patrick Gillespie",
    "name": "Patrick Gillespie",
    "dates": "1617–1675",
    "era_category": [],
    "traditions": [],
    "bio": "",
    "timeline": [],
    "key_work_ids": [],
    "wts_relevance": true,
    "created_at": "2025-08-16",
    "updated_at": "2025-08-16"
  },
  {
    "id": "theo_4adfd8bebd91",
    "slug": "francis-turretin",
    "full_name": "Francis Turretin",
    "name": "Francis Turretin",
    "dates": "1623–1687",
    "era_category": [],
    "traditions": [],
    "bio": "",
    "timeline": [],
    "key_work_ids": [],
    "wts_relevance": true,
    "created_at": "2025-08-16",
    "updated_at": "2025-08-16"
  },
  {
    "id": "theo_3ec37db888cb",
    "slug": "stephen-charnock",
    "full_name": "Stephen Charnock",
    "name": "Stephen Charnock",
    "dates": "1628–1680",
    "era_category": [],
    "traditions": [],
    "bio": "",
    "timeline": [],
    "key_work_ids": [],
    "wts_relevance": true,
    "created_at": "2025-08-16",
    "updated_at": "2025-08-16"
  },
  {
    "id": "theo_4ed71d2f14b4",
    "slug": "petrus-van-mastricht",
    "full_name": "Petrus van Mastricht",
    "name": "Petrus van Mastricht",
    "dates": "1630–1706",
    "era_category": [],
    "traditions": [],
    "bio": "",
    "timeline": [],
    "key_work_ids": [],
    "wts_relevance": true,
    "created_at": "2025-08-16",
    "updated_at": "2025-08-16"
  },
  {
    "id": "theo_5fc1ca9b6f7c",
    "slug": "herman-witsius",
    "full_name": "Herman Witsius",
    "name": "Herman Witsius",
    "dates": "1636–1708",
    "era_category": [],
    "traditions": [],
    "bio": "",
    "timeline": [],
    "key_work_ids": [],
    "wts_relevance": true,
    "created_at": "2025-08-16",
    "updated_at": "2025-08-16"
  },
  {
    "id": "theo_e482a45012cc",
    "slug": "westminster-standards",
    "full_name": "Westminster Standards",
    "name": "Westminster Standards",
    "dates": "1646–1647",
    "era_category": [],
    "traditions": [],
    "bio": "",
    "timeline": [],
    "key_work_ids": [],
    "wts_relevance": true,
    "created_at": "2025-08-16",
    "updated_at": "2025-08-16"
  },
  {
    "id": "theo_e9d0ddafe642",
    "slug": "gottfried-wilhelm-leibniz",
    "full_name": "Gottfried Wilhelm Leibniz",
    "name": "Gottfried Wilhelm Leibniz",
    "dates": "1646–1716",
    "era_category": [],
    "traditions": [],
    "bio": "",
    "timeline": [],
    "key_work_ids": [],
    "wts_relevance": true,
    "created_at": "2025-08-16",
    "updated_at": "2025-08-16"
  },
  {
    "id": "theo_2a4f308c7e0f",
    "slug": "three-forms-of-unity",
    "full_name": "Three Forms of Unity",
    "name": "Three Forms of Unity",
    "dates": "16th–17th c.",
    "era_category": [],
    "traditions": [],
    "bio": "",
    "timeline": [],
    "key_work_ids": [],
    "wts_relevance": true,
    "created_at": "2025-08-16",
    "updated_at": "2025-08-16"
  },
  {
    "id": "theo_52c85aceaf14",
    "slug": "jonathan-edwards",
    "full_name": "Jonathan Edwards",
    "name": "Jonathan Edwards",
    "dates": "1703–1758",
    "era_category": [],
    "traditions": [],
    "bio": "",
    "timeline": [],
    "key_work_ids": [],
    "wts_relevance": true,
    "created_at": "2025-08-16",
    "updated_at": "2025-08-16"
  },
  {
    "id": "theo_8b3fc578947f",
    "slug": "andrew-fuller",
    "full_name": "Andrew Fuller",
    "name": "Andrew Fuller",
    "dates": "1754–1815",
    "era_category": [],
    "traditions": [],
    "bio": "",
    "timeline": [],
    "key_work_ids": [],
    "wts_relevance": true,
    "created_at": "2025-08-16",
    "updated_at": "2025-08-16"
  },
  {
    "id": "theo_592b834e385e",
    "slug": "friedrich-schleiermacher",
    "full_name": "Friedrich Schleiermacher",
    "name": "Friedrich Schleiermacher",
    "dates": "1768–1834",
    "era_category": [],
    "traditions": [],
    "bio": "",
    "timeline": [],
    "key_work_ids": [],
    "wts_relevance": true,
    "created_at": "2025-08-16",
    "updated_at": "2025-08-16"
  },
  {
    "id": "theo_991f5a107a5c",
    "slug": "charles-hodge",
    "full_name": "Charles Hodge",
    "name": "Charles Hodge",
    "dates": "1797–1878",
    "era_category": [],
    "traditions": [],
    "bio": "",
    "timeline": [],
    "key_work_ids": [],
    "wts_relevance": true,
    "created_at": "2025-08-16",
    "updated_at": "2025-08-16"
  },
  {
    "id": "theo_42f5f72cb724",
    "slug": "john-nelson-darby",
    "full_name": "John Nelson Darby",
    "name": "John Nelson Darby",
    "dates": "1800–1882",
    "era_category": [],
    "traditions": [],
    "bio": "",
    "timeline": [],
    "key_work_ids": [],
    "wts_relevance": true,
    "created_at": "2025-08-16",
    "updated_at": "2025-08-16"
  },
  {
    "id": "theo_8f38ba1661f8",
    "slug": "john-williamson-nevin",
    "full_name": "John Williamson Nevin",
    "name": "John Williamson Nevin",
    "dates": "1803–1886",
    "era_category": [],
    "traditions": [],
    "bio": "",
    "timeline": [],
    "key_work_ids": [],
    "wts_relevance": true,
    "created_at": "2025-08-16",
    "updated_at": "2025-08-16"
  },
  {
    "id": "theo_3a9d2c132afb",
    "slug": "patrick-fairbairn",
    "full_name": "Patrick Fairbairn",
    "name": "Patrick Fairbairn",
    "dates": "1805–1874",
    "era_category": [],
    "traditions": [],
    "bio": "",
    "timeline": [],
    "key_work_ids": [],
    "wts_relevance": true,
    "created_at": "2025-08-16",
    "updated_at": "2025-08-16"
  },
  {
    "id": "theo_082b15f5fc01",
    "slug": "james-bannerman",
    "full_name": "James Bannerman",
    "name": "James Bannerman",
    "dates": "1807–1868",
    "era_category": [],
    "traditions": [],
    "bio": "",
    "timeline": [],
    "key_work_ids": [],
    "wts_relevance": true,
    "created_at": "2025-08-16",
    "updated_at": "2025-08-16"
  },
  {
    "id": "theo_deba605e3a95",
    "slug": "andrew-a.-bonar",
    "full_name": "Andrew A. Bonar",
    "name": "Andrew A. Bonar",
    "dates": "1810–1892",
    "era_category": [],
    "traditions": [],
    "bio": "",
    "timeline": [],
    "key_work_ids": [],
    "wts_relevance": true,
    "created_at": "2025-08-16",
    "updated_at": "2025-08-16"
  },
  {
    "id": "theo_e47d914e0621",
    "slug": "philip-schaff",
    "full_name": "Philip Schaff",
    "name": "Philip Schaff",
    "dates": "1819–1893",
    "era_category": [],
    "traditions": [],
    "bio": "",
    "timeline": [],
    "key_work_ids": [],
    "wts_relevance": true,
    "created_at": "2025-08-16",
    "updated_at": "2025-08-16"
  },
  {
    "id": "theo_c4bd273d811a",
    "slug": "robert-l.-dabney",
    "full_name": "Robert L. Dabney",
    "name": "Robert L. Dabney",
    "dates": "1820–1898",
    "era_category": [],
    "traditions": [],
    "bio": "",
    "timeline": [],
    "key_work_ids": [],
    "wts_relevance": true,
    "created_at": "2025-08-16",
    "updated_at": "2025-08-16"
  },
  {
    "id": "theo_5d58d49d85c1",
    "slug": "hugh-martin",
    "full_name": "Hugh Martin",
    "name": "Hugh Martin",
    "dates": "1822–1885",
    "era_category": [],
    "traditions": [],
    "bio": "",
    "timeline": [],
    "key_work_ids": [],
    "wts_relevance": true,
    "created_at": "2025-08-16",
    "updated_at": "2025-08-16"
  },
  {
    "id": "theo_fd6d1af54939",
    "slug": "albrecht-ritschl",
    "full_name": "Albrecht Ritschl",
    "name": "Albrecht Ritschl",
    "dates": "1822–1889",
    "era_category": [],
    "traditions": [],
    "bio": "",
    "timeline": [],
    "key_work_ids": [],
    "wts_relevance": true,
    "created_at": "2025-08-16",
    "updated_at": "2025-08-16"
  },
  {
    "id": "theo_e85d71513e95",
    "slug": "a.a.-hodge",
    "full_name": "A.A. Hodge",
    "name": "A.A. Hodge",
    "dates": "1823–1886",
    "era_category": [],
    "traditions": [],
    "bio": "",
    "timeline": [],
    "key_work_ids": [],
    "wts_relevance": true,
    "created_at": "2025-08-16",
    "updated_at": "2025-08-16"
  },
  {
    "id": "theo_f18f96e39d2b",
    "slug": "andrew-murray",
    "full_name": "Andrew Murray",
    "name": "Andrew Murray",
    "dates": "1828–1917",
    "era_category": [],
    "traditions": [],
    "bio": "",
    "timeline": [],
    "key_work_ids": [],
    "wts_relevance": true,
    "created_at": "2025-08-16",
    "updated_at": "2025-08-16"
  },
  {
    "id": "theo_bbaf9204ff14",
    "slug": "abraham-kuyper",
    "full_name": "Abraham Kuyper",
    "name": "Abraham Kuyper",
    "dates": "1837–1920",
    "era_category": [],
    "traditions": [],
    "bio": "",
    "timeline": [],
    "key_work_ids": [],
    "wts_relevance": true,
    "created_at": "2025-08-16",
    "updated_at": "2025-08-16"
  },
  {
    "id": "theo_693470de5594",
    "slug": "c.i.-scofield",
    "full_name": "C.I. Scofield",
    "name": "C.I. Scofield",
    "dates": "1843–1921",
    "era_category": [],
    "traditions": [],
    "bio": "",
    "timeline": [],
    "key_work_ids": [],
    "wts_relevance": true,
    "created_at": "2025-08-16",
    "updated_at": "2025-08-16"
  },
  {
    "id": "theo_88b1662fb76c",
    "slug": "p.t.-forsyth",
    "full_name": "P.T. Forsyth",
    "name": "P.T. Forsyth",
    "dates": "1848–1921",
    "era_category": [],
    "traditions": [],
    "bio": "",
    "timeline": [],
    "key_work_ids": [],
    "wts_relevance": true,
    "created_at": "2025-08-16",
    "updated_at": "2025-08-16"
  },
  {
    "id": "theo_0fb2dd147a7b",
    "slug": "benjamin-b.-warfield",
    "full_name": "B.B. Warfield",
    "name": "B.B. Warfield",
    "dates": "1851–1921",
    "era_category": [],
    "traditions": [],
    "bio": "",
    "timeline": [],
    "key_work_ids": [],
    "wts_relevance": true,
    "created_at": "2025-08-16",
    "updated_at": "2025-08-16"
  },
  {
    "id": "theo_536313221b01",
    "slug": "charles-gore",
    "full_name": "Charles Gore",
    "name": "Charles Gore",
    "dates": "1853–1932",
    "era_category": [],
    "traditions": [],
    "bio": "",
    "timeline": [],
    "key_work_ids": [],
    "wts_relevance": true,
    "created_at": "2025-08-16",
    "updated_at": "2025-08-16"
  },
  {
    "id": "theo_aff4ec250119",
    "slug": "herman-bavinck",
    "full_name": "Herman Bavinck",
    "name": "Herman Bavinck",
    "dates": "1854–1921",
    "era_category": [],
    "traditions": [],
    "bio": "",
    "timeline": [],
    "key_work_ids": [],
    "wts_relevance": true,
    "created_at": "2025-08-16",
    "updated_at": "2025-08-16"
  },
  {
    "id": "theo_1c0566e3d363",
    "slug": "geerhardus-vos",
    "full_name": "Geerhardus Vos",
    "name": "Geerhardus Vos",
    "dates": "1862–1949",
    "era_category": [],
    "traditions": [],
    "bio": "",
    "timeline": [],
    "key_work_ids": [],
    "wts_relevance": true,
    "created_at": "2025-08-16",
    "updated_at": "2025-08-16"
  },
  {
    "id": "theo_48f5a58084c6",
    "slug": "h.r.-mackintosh",
    "full_name": "H.R. Mackintosh",
    "name": "H.R. Mackintosh",
    "dates": "1870–1936",
    "era_category": [],
    "traditions": [],
    "bio": "",
    "timeline": [],
    "key_work_ids": [],
    "wts_relevance": true,
    "created_at": "2025-08-16",
    "updated_at": "2025-08-16"
  },
  {
    "id": "theo_1252b62e6729",
    "slug": "lewis-sperry-chafer",
    "full_name": "Lewis Sperry Chafer",
    "name": "Lewis Sperry Chafer",
    "dates": "1871–1952",
    "era_category": [],
    "traditions": [],
    "bio": "",
    "timeline": [],
    "key_work_ids": [],
    "wts_relevance": true,
    "created_at": "2025-08-16",
    "updated_at": "2025-08-16"
  },
  {
    "id": "theo_05e253e24a0f",
    "slug": "louis-berkhof",
    "full_name": "Louis Berkhof",
    "name": "Louis Berkhof",
    "dates": "1873–1957",
    "era_category": [],
    "traditions": [],
    "bio": "",
    "timeline": [],
    "key_work_ids": [],
    "wts_relevance": true,
    "created_at": "2025-08-16",
    "updated_at": "2025-08-16"
  },
  {
    "id": "theo_bf6d340274b7",
    "slug": "j.-gresham-machen",
    "full_name": "J. Gresham Machen",
    "name": "J. Gresham Machen",
    "dates": "1881–1937",
    "era_category": [],
    "traditions": [],
    "bio": "",
    "timeline": [],
    "key_work_ids": [],
    "wts_relevance": true,
    "created_at": "2025-08-16",
    "updated_at": "2025-08-16"
  },
  {
    "id": "theo_c511a0393025",
    "slug": "c.h.-dodd",
    "full_name": "C.H. Dodd",
    "name": "C.H. Dodd",
    "dates": "1884–1973",
    "era_category": [],
    "traditions": [],
    "bio": "",
    "timeline": [],
    "key_work_ids": [],
    "wts_relevance": true,
    "created_at": "2025-08-16",
    "updated_at": "2025-08-16"
  },
  {
    "id": "theo_888da193d4d0",
    "slug": "rudolf-bultmann",
    "full_name": "Rudolf Bultmann",
    "name": "Rudolf Bultmann",
    "dates": "1884–1976",
    "era_category": [],
    "traditions": [],
    "bio": "",
    "timeline": [],
    "key_work_ids": [],
    "wts_relevance": true,
    "created_at": "2025-08-16",
    "updated_at": "2025-08-16"
  },
  {
    "id": "theo_124906e9ce1f",
    "slug": "paul-tillich",
    "full_name": "Paul Tillich",
    "name": "Paul Tillich",
    "dates": "1886–1965",
    "era_category": [],
    "traditions": [],
    "bio": "",
    "timeline": [],
    "key_work_ids": [],
    "wts_relevance": true,
    "created_at": "2025-08-16",
    "updated_at": "2025-08-16"
  },
  {
    "id": "theo_576aa8dc749e",
    "slug": "karl-barth",
    "full_name": "Karl Barth",
    "name": "Karl Barth",
    "dates": "1886–1968",
    "era_category": [],
    "traditions": [],
    "bio": "",
    "timeline": [],
    "key_work_ids": [],
    "wts_relevance": true,
    "created_at": "2025-08-16",
    "updated_at": "2025-08-16"
  },
  {
    "id": "theo_5ce5eb6d4e76",
    "slug": "emil-brunner",
    "full_name": "Emil Brunner",
    "name": "Emil Brunner",
    "dates": "1889–1966",
    "era_category": [],
    "traditions": [],
    "bio": "",
    "timeline": [],
    "key_work_ids": [],
    "wts_relevance": true,
    "created_at": "2025-08-16",
    "updated_at": "2025-08-16"
  },
  {
    "id": "theo_c2678a5b805f",
    "slug": "erich-przywara",
    "full_name": "Erich Przywara",
    "name": "Erich Przywara",
    "dates": "1889–1972",
    "era_category": [],
    "traditions": [],
    "bio": "",
    "timeline": [],
    "key_work_ids": [],
    "wts_relevance": true,
    "created_at": "2025-08-16",
    "updated_at": "2025-08-16"
  },
  {
    "id": "theo_ff69d567b651",
    "slug": "cornelius-van-til",
    "full_name": "Cornelius Van Til",
    "name": "Cornelius Van Til",
    "dates": "1895–1987",
    "era_category": [],
    "traditions": [],
    "bio": "",
    "timeline": [],
    "key_work_ids": [],
    "wts_relevance": true,
    "created_at": "2025-08-16",
    "updated_at": "2025-08-16"
  },
  {
    "id": "theo_b4bdac2460b6",
    "slug": "james-s.-stewart",
    "full_name": "James S. Stewart",
    "name": "James S. Stewart",
    "dates": "1896–1990",
    "era_category": [],
    "traditions": [],
    "bio": "",
    "timeline": [],
    "key_work_ids": [],
    "wts_relevance": true,
    "created_at": "2025-08-16",
    "updated_at": "2025-08-16"
  },
  {
    "id": "theo_0967b706d70a",
    "slug": "john-murray",
    "full_name": "John Murray",
    "name": "John Murray",
    "dates": "1898–1975",
    "era_category": [],
    "traditions": [],
    "bio": "",
    "timeline": [],
    "key_work_ids": [],
    "wts_relevance": true,
    "created_at": "2025-08-16",
    "updated_at": "2025-08-16"
  },
  {
    "id": "theo_4e646fb46d71",
    "slug": "martyn-lloyd-jones",
    "full_name": "Martyn Lloyd-Jones",
    "name": "Martyn Lloyd-Jones",
    "dates": "1899–1981",
    "era_category": [],
    "traditions": [],
    "bio": "",
    "timeline": [],
    "key_work_ids": [],
    "wts_relevance": true,
    "created_at": "2025-08-16",
    "updated_at": "2025-08-16"
  },
  {
    "id": "theo_fa865183aa95",
    "slug": "jeremias-joachim",
    "full_name": "Joachim Jeremias",
    "name": "Joachim Jeremias",
    "dates": "1900–1979",
    "era_category": [],
    "traditions": [],
    "bio": "",
    "timeline": [],
    "key_work_ids": [],
    "wts_relevance": true,
    "created_at": "2025-08-16",
    "updated_at": "2025-08-16"
  },
  {
    "id": "theo_449e30a58c98",
    "slug": "oscar-cullmann",
    "full_name": "Oscar Cullmann",
    "name": "Oscar Cullmann",
    "dates": "1902–1999",
    "era_category": [],
    "traditions": [],
    "bio": "",
    "timeline": [],
    "key_work_ids": [],
    "wts_relevance": true,
    "created_at": "2025-08-16",
    "updated_at": "2025-08-16"
  },
  {
    "id": "theo_3437f4446328",
    "slug": "vladimir-lossky",
    "full_name": "Vladimir Lossky",
    "name": "Vladimir Lossky",
    "dates": "1903–1958",
    "era_category": [],
    "traditions": [],
    "bio": "",
    "timeline": [],
    "key_work_ids": [],
    "wts_relevance": true,
    "created_at": "2025-08-16",
    "updated_at": "2025-08-16"
  },
  {
    "id": "theo_3fc45f8c5a0a",
    "slug": "g.c.-berkouwer",
    "full_name": "G.C. Berkouwer",
    "name": "G.C. Berkouwer",
    "dates": "1903–1996",
    "era_category": [],
    "traditions": [],
    "bio": "",
    "timeline": [],
    "key_work_ids": [],
    "wts_relevance": true,
    "created_at": "2025-08-16",
    "updated_at": "2025-08-16"
  },
  {
    "id": "theo_58387045c6b4",
    "slug": "karl-rahner",
    "full_name": "Karl Rahner",
    "name": "Karl Rahner",
    "dates": "1904–1984",
    "era_category": [],
    "traditions": [],
    "bio": "",
    "timeline": [],
    "key_work_ids": [],
    "wts_relevance": true,
    "created_at": "2025-08-16",
    "updated_at": "2025-08-16"
  },
  {
    "id": "theo_e9a9cb2ea41a",
    "slug": "hans-urs-von-balthasar",
    "full_name": "Hans Urs von Balthasar",
    "name": "Hans Urs von Balthasar",
    "dates": "1905–1988",
    "era_category": [],
    "traditions": [],
    "bio": "",
    "timeline": [],
    "key_work_ids": [],
    "wts_relevance": true,
    "created_at": "2025-08-16",
    "updated_at": "2025-08-16"
  },
  {
    "id": "theo_4fee92d32985",
    "slug": "edward-j.-young",
    "full_name": "Edward J. Young",
    "name": "Edward J. Young",
    "dates": "1907–1968",
    "era_category": [],
    "traditions": [],
    "bio": "",
    "timeline": [],
    "key_work_ids": [],
    "wts_relevance": true,
    "created_at": "2025-08-16",
    "updated_at": "2025-08-16"
  },
  {
    "id": "theo_82ae971d185f",
    "slug": "lesslie-newbigin",
    "full_name": "Lesslie Newbigin",
    "name": "Lesslie Newbigin",
    "dates": "1909–1998",
    "era_category": [],
    "traditions": [],
    "bio": "",
    "timeline": [],
    "key_work_ids": [],
    "wts_relevance": true,
    "created_at": "2025-08-16",
    "updated_at": "2025-08-16"
  },
  {
    "id": "theo_5cf11cb076fe",
    "slug": "herman-ridderbos",
    "full_name": "Herman Ridderbos",
    "name": "Herman Ridderbos",
    "dates": "1909–2007",
    "era_category": [],
    "traditions": [],
    "bio": "",
    "timeline": [],
    "key_work_ids": [],
    "wts_relevance": true,
    "created_at": "2025-08-16",
    "updated_at": "2025-08-16"
  },
  {
    "id": "theo_f249d2ac97ac",
    "slug": "f.f.-bruce",
    "full_name": "F.F. Bruce",
    "name": "F.F. Bruce",
    "dates": "1910–1990",
    "era_category": [],
    "traditions": [],
    "bio": "",
    "timeline": [],
    "key_work_ids": [],
    "wts_relevance": true,
    "created_at": "2025-08-16",
    "updated_at": "2025-08-16"
  },
  {
    "id": "theo_602211ff3feb",
    "slug": "george-eldon-ladd",
    "full_name": "George Eldon Ladd",
    "name": "George Eldon Ladd",
    "dates": "1911–1982",
    "era_category": [],
    "traditions": [],
    "bio": "",
    "timeline": [],
    "key_work_ids": [],
    "wts_relevance": true,
    "created_at": "2025-08-16",
    "updated_at": "2025-08-16"
  },
  {
    "id": "theo_776c109f14d3",
    "slug": "anthony-a.-hoekema",
    "full_name": "Anthony Hoekema",
    "name": "Anthony Hoekema",
    "dates": "1913–1988",
    "era_category": [],
    "traditions": [],
    "bio": "",
    "timeline": [],
    "key_work_ids": [],
    "wts_relevance": true,
    "created_at": "2025-08-16",
    "updated_at": "2025-08-16"
  },
  {
    "id": "theo_bf8ba6c7a258",
    "slug": "harold-lindsell",
    "full_name": "Harold Lindsell",
    "name": "Harold Lindsell",
    "dates": "1913–1998",
    "era_category": [],
    "traditions": [],
    "bio": "",
    "timeline": [],
    "key_work_ids": [],
    "wts_relevance": true,
    "created_at": "2025-08-16",
    "updated_at": "2025-08-16"
  },
  {
    "id": "theo_eeaa72b8f356",
    "slug": "t.f.-torrance",
    "full_name": "Thomas F. Torrance",
    "name": "Thomas F. Torrance",
    "dates": "1913–2007",
    "era_category": [],
    "traditions": [],
    "bio": "",
    "timeline": [],
    "key_work_ids": [],
    "wts_relevance": true,
    "created_at": "2025-08-16",
    "updated_at": "2025-08-16"
  },
  {
    "id": "theo_f8cdf45b0651",
    "slug": "john-gerstner",
    "full_name": "John Gerstner",
    "name": "John Gerstner",
    "dates": "1914–1996",
    "era_category": [],
    "traditions": [],
    "bio": "",
    "timeline": [],
    "key_work_ids": [],
    "wts_relevance": true,
    "created_at": "2025-08-16",
    "updated_at": "2025-08-16"
  },
  {
    "id": "theo_34a41f98aa23",
    "slug": "bruce-metzger",
    "full_name": "Bruce Metzger",
    "name": "Bruce Metzger",
    "dates": "1914–2007",
    "era_category": [],
    "traditions": [],
    "bio": "",
    "timeline": [],
    "key_work_ids": [],
    "wts_relevance": true,
    "created_at": "2025-08-16",
    "updated_at": "2025-08-16"
  },
  {
    "id": "theo_81db768c415a",
    "slug": "edmund-p.-clowney",
    "full_name": "Edmund P. Clowney",
    "name": "Edmund P. Clowney",
    "dates": "1917–2005",
    "era_category": [],
    "traditions": [],
    "bio": "",
    "timeline": [],
    "key_work_ids": [],
    "wts_relevance": true,
    "created_at": "2025-08-16",
    "updated_at": "2025-08-16"
  },
  {
    "id": "theo_d30bb9cb60a4",
    "slug": "john-stott",
    "full_name": "John Stott",
    "name": "John Stott",
    "dates": "1921–2011",
    "era_category": [],
    "traditions": [],
    "bio": "",
    "timeline": [],
    "key_work_ids": [],
    "wts_relevance": true,
    "created_at": "2025-08-16",
    "updated_at": "2025-08-16"
  },
  {
    "id": "theo_7ab423f6dffc",
    "slug": "meredith-g.-kline",
    "full_name": "Meredith G. Kline",
    "name": "Meredith G. Kline",
    "dates": "1922–2007",
    "era_category": [],
    "traditions": [],
    "bio": "",
    "timeline": [],
    "key_work_ids": [],
    "wts_relevance": true,
    "created_at": "2025-08-16",
    "updated_at": "2025-08-16"
  },
  {
    "id": "theo_72343e4634e6",
    "slug": "john-hick",
    "full_name": "John Hick",
    "name": "John Hick",
    "dates": "1922–2012",
    "era_category": [],
    "traditions": [],
    "bio": "",
    "timeline": [],
    "key_work_ids": [],
    "wts_relevance": true,
    "created_at": "2025-08-16",
    "updated_at": "2025-08-16"
  },
  {
    "id": "theo_0fac293fe6ab",
    "slug": "james-b.-torrance",
    "full_name": "James B. Torrance",
    "name": "James B. Torrance",
    "dates": "1923–2003",
    "era_category": [],
    "traditions": [],
    "bio": "",
    "timeline": [],
    "key_work_ids": [],
    "wts_relevance": true,
    "created_at": "2025-08-16",
    "updated_at": "2025-08-16"
  },
  {
    "id": "theo_2f4c9a9e2de9",
    "slug": "james-barr",
    "full_name": "James Barr",
    "name": "James Barr",
    "dates": "1924–2006",
    "era_category": [],
    "traditions": [],
    "bio": "",
    "timeline": [],
    "key_work_ids": [],
    "wts_relevance": true,
    "created_at": "2025-08-16",
    "updated_at": "2025-08-16"
  },
  {
    "id": "theo_460f372a5a47",
    "slug": "alec-motyer",
    "full_name": "Alec Motyer",
    "name": "Alec Motyer",
    "dates": "1924–2016",
    "era_category": [],
    "traditions": [],
    "bio": "",
    "timeline": [],
    "key_work_ids": [],
    "wts_relevance": true,
    "created_at": "2025-08-16",
    "updated_at": "2025-08-16"
  },
  {
    "id": "theo_d2e09146feb8",
    "slug": "charles-c.-ryrie",
    "full_name": "Charles C. Ryrie",
    "name": "Charles C. Ryrie",
    "dates": "1925–2016",
    "era_category": [],
    "traditions": [],
    "bio": "",
    "timeline": [],
    "key_work_ids": [],
    "wts_relevance": true,
    "created_at": "2025-08-16",
    "updated_at": "2025-08-16"
  },
  {
    "id": "theo_09edae13e8c2",
    "slug": "jrgen-moltmann",
    "full_name": "Jürgen Moltmann",
    "name": "Jürgen Moltmann",
    "dates": "1926–",
    "era_category": [],
    "traditions": [],
    "bio": "",
    "timeline": [],
    "key_work_ids": [],
    "wts_relevance": true,
    "created_at": "2025-08-16",
    "updated_at": "2025-08-16"
  },
  {
    "id": "theo_4c092cfc0ab2",
    "slug": "j.i.-packer",
    "full_name": "J.I. Packer",
    "name": "J.I. Packer",
    "dates": "1926–2020",
    "era_category": [],
    "traditions": [],
    "bio": "",
    "timeline": [],
    "key_work_ids": [],
    "wts_relevance": true,
    "created_at": "2025-08-16",
    "updated_at": "2025-08-16"
  },
  {
    "id": "theo_fdb0163ae082",
    "slug": "wolfhart-pannenberg",
    "full_name": "Wolfhart Pannenberg",
    "name": "Wolfhart Pannenberg",
    "dates": "1928–2014",
    "era_category": [],
    "traditions": [],
    "bio": "",
    "timeline": [],
    "key_work_ids": [],
    "wts_relevance": true,
    "created_at": "2025-08-16",
    "updated_at": "2025-08-16"
  },
  {
    "id": "theo_a71d06ea1b9a",
    "slug": "bruce-k.-waltke",
    "full_name": "Bruce K. Waltke",
    "name": "Bruce K. Waltke",
    "dates": "1930–",
    "era_category": [],
    "traditions": [],
    "bio": "",
    "timeline": [],
    "key_work_ids": [],
    "wts_relevance": true,
    "created_at": "2025-08-16",
    "updated_at": "2025-08-16"
  },
  {
    "id": "theo_97af3838b55c",
    "slug": "robert-jenson",
    "full_name": "Robert Jenson",
    "name": "Robert Jenson",
    "dates": "1930–2017",
    "era_category": [],
    "traditions": [],
    "bio": "",
    "timeline": [],
    "key_work_ids": [],
    "wts_relevance": true,
    "created_at": "2025-08-16",
    "updated_at": "2025-08-16"
  },
  {
    "id": "theo_978af2b7052c",
    "slug": "john-zizioulas",
    "full_name": "John Zizioulas",
    "name": "John Zizioulas",
    "dates": "1931–2023",
    "era_category": [],
    "traditions": [],
    "bio": "",
    "timeline": [],
    "key_work_ids": [],
    "wts_relevance": true,
    "created_at": "2025-08-16",
    "updated_at": "2025-08-16"
  },
  {
    "id": "theo_53cc9f912144",
    "slug": "alvin-plantinga",
    "full_name": "Alvin Plantinga",
    "name": "Alvin Plantinga",
    "dates": "1932–",
    "era_category": [],
    "traditions": [],
    "bio": "",
    "timeline": [],
    "key_work_ids": [],
    "wts_relevance": true,
    "created_at": "2025-08-16",
    "updated_at": "2025-08-16"
  },
  {
    "id": "theo_54ea2b02ca75",
    "slug": "millard-j.-erickson",
    "full_name": "Millard J. Erickson",
    "name": "Millard J. Erickson",
    "dates": "1932–",
    "era_category": [],
    "traditions": [],
    "bio": "",
    "timeline": [],
    "key_work_ids": [],
    "wts_relevance": true,
    "created_at": "2025-08-16",
    "updated_at": "2025-08-16"
  },
  {
    "id": "theo_0a434df2723d",
    "slug": "nicholas-wolterstorff",
    "full_name": "Nicholas Wolterstorff",
    "name": "Nicholas Wolterstorff",
    "dates": "1932–",
    "era_category": [],
    "traditions": [],
    "bio": "",
    "timeline": [],
    "key_work_ids": [],
    "wts_relevance": true,
    "created_at": "2025-08-16",
    "updated_at": "2025-08-16"
  },
  {
    "id": "theo_dec387d5182b",
    "slug": "philip-hefner",
    "full_name": "Philip Hefner",
    "name": "Philip Hefner",
    "dates": "1932–",
    "era_category": [],
    "traditions": [],
    "bio": "",
    "timeline": [],
    "key_work_ids": [],
    "wts_relevance": true,
    "created_at": "2025-08-16",
    "updated_at": "2025-08-16"
  },
  {
    "id": "theo_79a75722c278",
    "slug": "robert-b.-strimple",
    "full_name": "Robert B. Strimple",
    "name": "Robert B. Strimple",
    "dates": "1932–",
    "era_category": [],
    "traditions": [],
    "bio": "",
    "timeline": [],
    "key_work_ids": [],
    "wts_relevance": true,
    "created_at": "2025-08-16",
    "updated_at": "2025-08-16"
  },
  {
    "id": "theo_f36e6cafc661",
    "slug": "robert-gundry",
    "full_name": "Robert Gundry",
    "name": "Robert Gundry",
    "dates": "1932–",
    "era_category": [],
    "traditions": [],
    "bio": "",
    "timeline": [],
    "key_work_ids": [],
    "wts_relevance": true,
    "created_at": "2025-08-16",
    "updated_at": "2025-08-16"
  },
  {
    "id": "theo_334cf2b7246e",
    "slug": "robert-l.-reymond",
    "full_name": "Robert L. Reymond",
    "name": "Robert L. Reymond",
    "dates": "1932–2013",
    "era_category": [],
    "traditions": [],
    "bio": "",
    "timeline": [],
    "key_work_ids": [],
    "wts_relevance": true,
    "created_at": "2025-08-16",
    "updated_at": "2025-08-16"
  },
  {
    "id": "theo_3940e777a6d5",
    "slug": "hughes-oliphant-old",
    "full_name": "Hughes Oliphant Old",
    "name": "Hughes Oliphant Old",
    "dates": "1933–2016",
    "era_category": [],
    "traditions": [],
    "bio": "",
    "timeline": [],
    "key_work_ids": [],
    "wts_relevance": true,
    "created_at": "2025-08-16",
    "updated_at": "2025-08-16"
  },
  {
    "id": "theo_528d1919f651",
    "slug": "norman-shepherd",
    "full_name": "Norman Shepherd",
    "name": "Norman Shepherd",
    "dates": "1933–2020",
    "era_category": [],
    "traditions": [],
    "bio": "",
    "timeline": [],
    "key_work_ids": [],
    "wts_relevance": true,
    "created_at": "2025-08-16",
    "updated_at": "2025-08-16"
  },
  {
    "id": "theo_3de7f5e8105a",
    "slug": "richard-swinburne",
    "full_name": "Richard Swinburne",
    "name": "Richard Swinburne",
    "dates": "1934–",
    "era_category": [],
    "traditions": [],
    "bio": "",
    "timeline": [],
    "key_work_ids": [],
    "wts_relevance": true,
    "created_at": "2025-08-16",
    "updated_at": "2025-08-16"
  },
  {
    "id": "theo_a71d3f984e96",
    "slug": "robert-sokolowski",
    "full_name": "Robert Sokolowski",
    "name": "Robert Sokolowski",
    "dates": "1934–",
    "era_category": [],
    "traditions": [],
    "bio": "",
    "timeline": [],
    "key_work_ids": [],
    "wts_relevance": true,
    "created_at": "2025-08-16",
    "updated_at": "2025-08-16"
  },
  {
    "id": "theo_2b6e25aeb441",
    "slug": "i.-howard-marshall",
    "full_name": "I. Howard Marshall",
    "name": "I. Howard Marshall",
    "dates": "1934–2015",
    "era_category": [],
    "traditions": [],
    "bio": "",
    "timeline": [],
    "key_work_ids": [],
    "wts_relevance": true,
    "created_at": "2025-08-16",
    "updated_at": "2025-08-16"
  },
  {
    "id": "theo_593ce2666851",
    "slug": "eberhard-jngel",
    "full_name": "Eberhard Jüngel",
    "name": "Eberhard Jüngel",
    "dates": "1934–2021",
    "era_category": [],
    "traditions": [],
    "bio": "",
    "timeline": [],
    "key_work_ids": [],
    "wts_relevance": true,
    "created_at": "2025-08-16",
    "updated_at": "2025-08-16"
  },
  {
    "id": "theo_97952d3f743d",
    "slug": "gordon-d.-fee",
    "full_name": "Gordon Fee",
    "name": "Gordon Fee",
    "dates": "1934–2022",
    "era_category": [],
    "traditions": [],
    "bio": "",
    "timeline": [],
    "key_work_ids": [],
    "wts_relevance": true,
    "created_at": "2025-08-16",
    "updated_at": "2025-08-16"
  },
  {
    "id": "theo_e6814c63374f",
    "slug": "graeme-goldsworthy",
    "full_name": "Graeme Goldsworthy",
    "name": "Graeme Goldsworthy",
    "dates": "1934–2023",
    "era_category": [],
    "traditions": [],
    "bio": "",
    "timeline": [],
    "key_work_ids": [],
    "wts_relevance": true,
    "created_at": "2025-08-16",
    "updated_at": "2025-08-16"
  },
  {
    "id": "theo_ba1286686f3e",
    "slug": "sidney-greidanus",
    "full_name": "Sidney Greidanus",
    "name": "Sidney Greidanus",
    "dates": "1935–",
    "era_category": [],
    "traditions": [],
    "bio": "",
    "timeline": [],
    "key_work_ids": [],
    "wts_relevance": true,
    "created_at": "2025-08-16",
    "updated_at": "2025-08-16"
  },
  {
    "id": "theo_01d6e8e3cff7",
    "slug": "richard-b.-gaffin-jr.",
    "full_name": "Richard B. Gaffin Jr.",
    "name": "Richard B. Gaffin Jr.",
    "dates": "1936–",
    "era_category": [],
    "traditions": [],
    "bio": "",
    "timeline": [],
    "key_work_ids": [],
    "wts_relevance": true,
    "created_at": "2025-08-16",
    "updated_at": "2025-08-16"
  },
  {
    "id": "theo_452e8ff3c243",
    "slug": "richard-gaffin",
    "full_name": "Richard Gaffin",
    "name": "Richard Gaffin",
    "dates": "1936–",
    "era_category": [],
    "traditions": [],
    "bio": "",
    "timeline": [],
    "key_work_ids": [],
    "wts_relevance": true,
    "created_at": "2025-08-16",
    "updated_at": "2025-08-16"
  },
  {
    "id": "theo_6d700232d023",
    "slug": "richard-john-neuhaus",
    "full_name": "Richard John Neuhaus",
    "name": "Richard John Neuhaus",
    "dates": "1936–2009",
    "era_category": [],
    "traditions": [],
    "bio": "",
    "timeline": [],
    "key_work_ids": [],
    "wts_relevance": true,
    "created_at": "2025-08-16",
    "updated_at": "2025-08-16"
  },
  {
    "id": "theo_14fdb72b1032",
    "slug": "henri-blocher",
    "full_name": "Henri Blocher",
    "name": "Henri Blocher",
    "dates": "1937–",
    "era_category": [],
    "traditions": [],
    "bio": "",
    "timeline": [],
    "key_work_ids": [],
    "wts_relevance": true,
    "created_at": "2025-08-16",
    "updated_at": "2025-08-16"
  },
  {
    "id": "theo_7b3bc848e42f",
    "slug": "o.-palmer-robertson",
    "full_name": "O. Palmer Robertson",
    "name": "O. Palmer Robertson",
    "dates": "1937–",
    "era_category": [],
    "traditions": [],
    "bio": "",
    "timeline": [],
    "key_work_ids": [],
    "wts_relevance": true,
    "created_at": "2025-08-16",
    "updated_at": "2025-08-16"
  },
  {
    "id": "theo_861395e24a6a",
    "slug": "clark-pinnock",
    "full_name": "Clark Pinnock",
    "name": "Clark Pinnock",
    "dates": "1937–2010",
    "era_category": [],
    "traditions": [],
    "bio": "",
    "timeline": [],
    "key_work_ids": [],
    "wts_relevance": true,
    "created_at": "2025-08-16",
    "updated_at": "2025-08-16"
  },
  {
    "id": "theo_4e0b5bf3b5ab",
    "slug": "anthony-c.-thiselton",
    "full_name": "Anthony C. Thiselton",
    "name": "Anthony C. Thiselton",
    "dates": "1937–2023",
    "era_category": [],
    "traditions": [],
    "bio": "",
    "timeline": [],
    "key_work_ids": [],
    "wts_relevance": true,
    "created_at": "2025-08-16",
    "updated_at": "2025-08-16"
  },
  {
    "id": "theo_5294100373f4",
    "slug": "david-f.-wells",
    "full_name": "David F. Wells",
    "name": "David F. Wells",
    "dates": "1939–",
    "era_category": [],
    "traditions": [],
    "bio": "",
    "timeline": [],
    "key_work_ids": [],
    "wts_relevance": true,
    "created_at": "2025-08-16",
    "updated_at": "2025-08-16"
  },
  {
    "id": "theo_95d2d502c3ed",
    "slug": "john-f.-macarthur",
    "full_name": "John F. MacArthur",
    "name": "John F. MacArthur",
    "dates": "1939–",
    "era_category": [],
    "traditions": [],
    "bio": "",
    "timeline": [],
    "key_work_ids": [],
    "wts_relevance": true,
    "created_at": "2025-08-16",
    "updated_at": "2025-08-16"
  },
  {
    "id": "theo_a9d7b0a5f494",
    "slug": "john-frame",
    "full_name": "John Frame",
    "name": "John Frame",
    "dates": "1939–",
    "era_category": [],
    "traditions": [],
    "bio": "",
    "timeline": [],
    "key_work_ids": [],
    "wts_relevance": true,
    "created_at": "2025-08-16",
    "updated_at": "2025-08-16"
  },
  {
    "id": "theo_5a692375b834",
    "slug": "r.c.-sproul",
    "full_name": "R.C. Sproul",
    "name": "R.C. Sproul",
    "dates": "1939–2017",
    "era_category": [],
    "traditions": [],
    "bio": "",
    "timeline": [],
    "key_work_ids": [],
    "wts_relevance": true,
    "created_at": "2025-08-16",
    "updated_at": "2025-08-16"
  },
  {
    "id": "theo_aebad71d8bd5",
    "slug": "james-d.g.-dunn",
    "full_name": "James D.G. Dunn",
    "name": "James D.G. Dunn",
    "dates": "1939–2020",
    "era_category": [],
    "traditions": [],
    "bio": "",
    "timeline": [],
    "key_work_ids": [],
    "wts_relevance": true,
    "created_at": "2025-08-16",
    "updated_at": "2025-08-16"
  },
  {
    "id": "theo_115560d57347",
    "slug": "kevin-giles",
    "full_name": "Kevin Giles",
    "name": "Kevin Giles",
    "dates": "1940–",
    "era_category": [],
    "traditions": [],
    "bio": "",
    "timeline": [],
    "key_work_ids": [],
    "wts_relevance": true,
    "created_at": "2025-08-16",
    "updated_at": "2025-08-16"
  },
  {
    "id": "theo_b408adab34c2",
    "slug": "paul-helm",
    "full_name": "Paul Helm",
    "name": "Paul Helm",
    "dates": "1940–",
    "era_category": [],
    "traditions": [],
    "bio": "",
    "timeline": [],
    "key_work_ids": [],
    "wts_relevance": true,
    "created_at": "2025-08-16",
    "updated_at": "2025-08-16"
  },
  {
    "id": "theo_a8d636a590df",
    "slug": "donald-macleod",
    "full_name": "Donald Macleod",
    "name": "Donald Macleod",
    "dates": "1940–2023",
    "era_category": [],
    "traditions": [],
    "bio": "",
    "timeline": [],
    "key_work_ids": [],
    "wts_relevance": true,
    "created_at": "2025-08-16",
    "updated_at": "2025-08-16"
  },
  {
    "id": "theo_1c59e5f2ab73",
    "slug": "gordon-j.-wenham",
    "full_name": "Gordon J. Wenham",
    "name": "Gordon J. Wenham",
    "dates": "1943–",
    "era_category": [],
    "traditions": [],
    "bio": "",
    "timeline": [],
    "key_work_ids": [],
    "wts_relevance": true,
    "created_at": "2025-08-16",
    "updated_at": "2025-08-16"
  },
  {
    "id": "theo_5cfa90e6f69a",
    "slug": "marilyn-mccord-adams",
    "full_name": "Marilyn McCord Adams",
    "name": "Marilyn McCord Adams",
    "dates": "1943–2017",
    "era_category": [],
    "traditions": [],
    "bio": "",
    "timeline": [],
    "key_work_ids": [],
    "wts_relevance": true,
    "created_at": "2025-08-16",
    "updated_at": "2025-08-16"
  },
  {
    "id": "theo_ca5e6726e28d",
    "slug": "larry-hurtado",
    "full_name": "Larry Hurtado",
    "name": "Larry Hurtado",
    "dates": "1943–2019",
    "era_category": [],
    "traditions": [],
    "bio": "",
    "timeline": [],
    "key_work_ids": [],
    "wts_relevance": true,
    "created_at": "2025-08-16",
    "updated_at": "2025-08-16"
  },
  {
    "id": "theo_391b9b233d2e",
    "slug": "lee-martin-mcdonald",
    "full_name": "Lee Martin McDonald",
    "name": "Lee Martin McDonald",
    "dates": "1944–",
    "era_category": [],
    "traditions": [],
    "bio": "",
    "timeline": [],
    "key_work_ids": [],
    "wts_relevance": true,
    "created_at": "2025-08-16",
    "updated_at": "2025-08-16"
  },
  {
    "id": "theo_91ed58fb1535",
    "slug": "willem-van-gemeren",
    "full_name": "Willem van Gemeren",
    "name": "Willem van Gemeren",
    "dates": "1944–",
    "era_category": [],
    "traditions": [],
    "bio": "",
    "timeline": [],
    "key_work_ids": [],
    "wts_relevance": true,
    "created_at": "2025-08-16",
    "updated_at": "2025-08-16"
  },
  {
    "id": "theo_4bf36bbb99e6",
    "slug": "edward-fudge",
    "full_name": "Edward Fudge",
    "name": "Edward Fudge",
    "dates": "1944–2017",
    "era_category": [],
    "traditions": [],
    "bio": "",
    "timeline": [],
    "key_work_ids": [],
    "wts_relevance": true,
    "created_at": "2025-08-16",
    "updated_at": "2025-08-16"
  },
  {
    "id": "theo_9fc15e7f290d",
    "slug": "oliver-odonovan",
    "full_name": "Oliver O'Donovan",
    "name": "Oliver O'Donovan",
    "dates": "1945–",
    "era_category": [],
    "traditions": [],
    "bio": "",
    "timeline": [],
    "key_work_ids": [],
    "wts_relevance": true,
    "created_at": "2025-08-16",
    "updated_at": "2025-08-16"
  },
  {
    "id": "theo_3f438f8086a0",
    "slug": "d.a.-carson",
    "full_name": "D.A. Carson",
    "name": "D.A. Carson",
    "dates": "1946–",
    "era_category": [],
    "traditions": [],
    "bio": "",
    "timeline": [],
    "key_work_ids": [],
    "wts_relevance": true,
    "created_at": "2025-08-16",
    "updated_at": "2025-08-16"
  },
  {
    "id": "theo_b1eabb8e768a",
    "slug": "jean-luc-marion",
    "full_name": "Jean-Luc Marion",
    "name": "Jean-Luc Marion",
    "dates": "1946–",
    "era_category": [],
    "traditions": [],
    "bio": "",
    "timeline": [],
    "key_work_ids": [],
    "wts_relevance": true,
    "created_at": "2025-08-16",
    "updated_at": "2025-08-16"
  },
  {
    "id": "theo_f8e6120c17c1",
    "slug": "john-piper",
    "full_name": "John Piper",
    "name": "John Piper",
    "dates": "1946–",
    "era_category": [],
    "traditions": [],
    "bio": "",
    "timeline": [],
    "key_work_ids": [],
    "wts_relevance": true,
    "created_at": "2025-08-16",
    "updated_at": "2025-08-16"
  },
  {
    "id": "theo_82f275e77587",
    "slug": "richard-j.-bauckham",
    "full_name": "Richard Bauckham",
    "name": "Richard Bauckham",
    "dates": "1946–",
    "era_category": [],
    "traditions": [],
    "bio": "",
    "timeline": [],
    "key_work_ids": [],
    "wts_relevance": true,
    "created_at": "2025-08-16",
    "updated_at": "2025-08-16"
  },
  {
    "id": "theo_a846f3f3f99a",
    "slug": "thomas-weinandy",
    "full_name": "Thomas Weinandy",
    "name": "Thomas Weinandy",
    "dates": "1946–",
    "era_category": [],
    "traditions": [],
    "bio": "",
    "timeline": [],
    "key_work_ids": [],
    "wts_relevance": true,
    "created_at": "2025-08-16",
    "updated_at": "2025-08-16"
  },
  {
    "id": "theo_d202f60f304c",
    "slug": "vern-poythress",
    "full_name": "Vern Poythress",
    "name": "Vern Poythress",
    "dates": "1946–",
    "era_category": [],
    "traditions": [],
    "bio": "",
    "timeline": [],
    "key_work_ids": [],
    "wts_relevance": true,
    "created_at": "2025-08-16",
    "updated_at": "2025-08-16"
  },
  {
    "id": "theo_649a0f2e7652",
    "slug": "robert-letham",
    "full_name": "Robert Letham",
    "name": "Robert Letham",
    "dates": "1947–",
    "era_category": [],
    "traditions": [],
    "bio": "",
    "timeline": [],
    "key_work_ids": [],
    "wts_relevance": true,
    "created_at": "2025-08-16",
    "updated_at": "2025-08-16"
  },
  {
    "id": "theo_73b0e4224251",
    "slug": "n.t.-wright",
    "full_name": "N.T. Wright",
    "name": "N.T. Wright",
    "dates": "1948–",
    "era_category": [],
    "traditions": [],
    "bio": "",
    "timeline": [],
    "key_work_ids": [],
    "wts_relevance": true,
    "created_at": "2025-08-16",
    "updated_at": "2025-08-16"
  },
  {
    "id": "theo_0a257bf889f6",
    "slug": "richard-a.-muller",
    "full_name": "Richard A. Muller",
    "name": "Richard A. Muller",
    "dates": "1948–",
    "era_category": [],
    "traditions": [],
    "bio": "",
    "timeline": [],
    "key_work_ids": [],
    "wts_relevance": true,
    "created_at": "2025-08-16",
    "updated_at": "2025-08-16"
  },
  {
    "id": "theo_4063565914eb",
    "slug": "sinclair-b.-ferguson",
    "full_name": "Sinclair B. Ferguson",
    "name": "Sinclair B. Ferguson",
    "dates": "1948–",
    "era_category": [],
    "traditions": [],
    "bio": "",
    "timeline": [],
    "key_work_ids": [],
    "wts_relevance": true,
    "created_at": "2025-08-16",
    "updated_at": "2025-08-16"
  },
  {
    "id": "theo_8173f20b2141",
    "slug": "wayne-grudem",
    "full_name": "Wayne Grudem",
    "name": "Wayne Grudem",
    "dates": "1948–",
    "era_category": [],
    "traditions": [],
    "bio": "",
    "timeline": [],
    "key_work_ids": [],
    "wts_relevance": true,
    "created_at": "2025-08-16",
    "updated_at": "2025-08-16"
  },
  {
    "id": "theo_8e3f011807bd",
    "slug": "greg-l.-bahnsen",
    "full_name": "Greg L. Bahnsen",
    "name": "Greg L. Bahnsen",
    "dates": "1948–1995",
    "era_category": [],
    "traditions": [],
    "bio": "",
    "timeline": [],
    "key_work_ids": [],
    "wts_relevance": true,
    "created_at": "2025-08-16",
    "updated_at": "2025-08-16"
  },
  {
    "id": "theo_38bdde67d604",
    "slug": "gregory-k.-beale",
    "full_name": "Gregory K. Beale",
    "name": "Gregory K. Beale",
    "dates": "1949–",
    "era_category": [],
    "traditions": [],
    "bio": "",
    "timeline": [],
    "key_work_ids": [],
    "wts_relevance": true,
    "created_at": "2025-08-16",
    "updated_at": "2025-08-16"
  },
  {
    "id": "theo_23198ddc7b8a",
    "slug": "stephen-westerholm",
    "full_name": "Stephen Westerholm",
    "name": "Stephen Westerholm",
    "dates": "1949–",
    "era_category": [],
    "traditions": [],
    "bio": "",
    "timeline": [],
    "key_work_ids": [],
    "wts_relevance": true,
    "created_at": "2025-08-16",
    "updated_at": "2025-08-16"
  },
  {
    "id": "theo_329340f1ba61",
    "slug": "william-lane-craig",
    "full_name": "William Lane Craig",
    "name": "William Lane Craig",
    "dates": "1949–",
    "era_category": [],
    "traditions": [],
    "bio": "",
    "timeline": [],
    "key_work_ids": [],
    "wts_relevance": true,
    "created_at": "2025-08-16",
    "updated_at": "2025-08-16"
  },
  {
    "id": "theo_f41d8692a02b",
    "slug": "james-b.-jordan",
    "full_name": "James B. Jordan",
    "name": "James B. Jordan",
    "dates": "1949–2023",
    "era_category": [],
    "traditions": [],
    "bio": "",
    "timeline": [],
    "key_work_ids": [],
    "wts_relevance": true,
    "created_at": "2025-08-16",
    "updated_at": "2025-08-16"
  },
  {
    "id": "theo_e84f90ea9799",
    "slug": "anthony-n.s.-lane",
    "full_name": "Anthony N.S. Lane",
    "name": "Anthony N.S. Lane",
    "dates": "1950–",
    "era_category": [],
    "traditions": [],
    "bio": "",
    "timeline": [],
    "key_work_ids": [],
    "wts_relevance": true,
    "created_at": "2025-08-16",
    "updated_at": "2025-08-16"
  },
  {
    "id": "theo_6b47fa590a19",
    "slug": "douglas-j.-moo",
    "full_name": "Douglas J. Moo",
    "name": "Douglas J. Moo",
    "dates": "1950–",
    "era_category": [],
    "traditions": [],
    "bio": "",
    "timeline": [],
    "key_work_ids": [],
    "wts_relevance": true,
    "created_at": "2025-08-16",
    "updated_at": "2025-08-16"
  },
  {
    "id": "theo_0a7a3b8cebf5",
    "slug": "john-feinberg",
    "full_name": "John Feinberg",
    "name": "John Feinberg",
    "dates": "1950–",
    "era_category": [],
    "traditions": [],
    "bio": "",
    "timeline": [],
    "key_work_ids": [],
    "wts_relevance": true,
    "created_at": "2025-08-16",
    "updated_at": "2025-08-16"
  },
  {
    "id": "theo_440ea3109c7d",
    "slug": "graham-cole",
    "full_name": "Graham Cole",
    "name": "Graham Cole",
    "dates": "1951–",
    "era_category": [],
    "traditions": [],
    "bio": "",
    "timeline": [],
    "key_work_ids": [],
    "wts_relevance": true,
    "created_at": "2025-08-16",
    "updated_at": "2025-08-16"
  },
  {
    "id": "theo_ce6917d33274",
    "slug": "john-cooper",
    "full_name": "John Cooper",
    "name": "John Cooper",
    "dates": "1951–",
    "era_category": [],
    "traditions": [],
    "bio": "",
    "timeline": [],
    "key_work_ids": [],
    "wts_relevance": true,
    "created_at": "2025-08-16",
    "updated_at": "2025-08-16"
  },
  {
    "id": "theo_317f5066294d",
    "slug": "john-d.-currid",
    "full_name": "John D. Currid",
    "name": "John D. Currid",
    "dates": "1951–",
    "era_category": [],
    "traditions": [],
    "bio": "",
    "timeline": [],
    "key_work_ids": [],
    "wts_relevance": true,
    "created_at": "2025-08-16",
    "updated_at": "2025-08-16"
  },
  {
    "id": "theo_42f14f39a11f",
    "slug": "nancey-murphy",
    "full_name": "Nancey Murphy",
    "name": "Nancey Murphy",
    "dates": "1951–",
    "era_category": [],
    "traditions": [],
    "bio": "",
    "timeline": [],
    "key_work_ids": [],
    "wts_relevance": true,
    "created_at": "2025-08-16",
    "updated_at": "2025-08-16"
  },
  {
    "id": "theo_cb2ddab434cf",
    "slug": "sam-storms",
    "full_name": "Sam Storms",
    "name": "Sam Storms",
    "dates": "1951–",
    "era_category": [],
    "traditions": [],
    "bio": "",
    "timeline": [],
    "key_work_ids": [],
    "wts_relevance": true,
    "created_at": "2025-08-16",
    "updated_at": "2025-08-16"
  },
  {
    "id": "theo_22452c865577",
    "slug": "al-wolters",
    "full_name": "Al Wolters",
    "name": "Al Wolters",
    "dates": "1952–",
    "era_category": [],
    "traditions": [],
    "bio": "",
    "timeline": [],
    "key_work_ids": [],
    "wts_relevance": true,
    "created_at": "2025-08-16",
    "updated_at": "2025-08-16"
  },
  {
    "id": "theo_e00366e814b2",
    "slug": "craig-a.-evans",
    "full_name": "Craig A. Evans",
    "name": "Craig A. Evans",
    "dates": "1952–",
    "era_category": [],
    "traditions": [],
    "bio": "",
    "timeline": [],
    "key_work_ids": [],
    "wts_relevance": true,
    "created_at": "2025-08-16",
    "updated_at": "2025-08-16"
  },
  {
    "id": "theo_5f2af37f4b81",
    "slug": "jack-deere",
    "full_name": "Jack Deere",
    "name": "Jack Deere",
    "dates": "1952–",
    "era_category": [],
    "traditions": [],
    "bio": "",
    "timeline": [],
    "key_work_ids": [],
    "wts_relevance": true,
    "created_at": "2025-08-16",
    "updated_at": "2025-08-16"
  },
  {
    "id": "theo_b2caa42d06e1",
    "slug": "joel-r.-beeke",
    "full_name": "Joel R. Beeke",
    "name": "Joel R. Beeke",
    "dates": "1952–",
    "era_category": [],
    "traditions": [],
    "bio": "",
    "timeline": [],
    "key_work_ids": [],
    "wts_relevance": true,
    "created_at": "2025-08-16",
    "updated_at": "2025-08-16"
  },
  {
    "id": "theo_504fab07ab2f",
    "slug": "john-bolt",
    "full_name": "John Bolt",
    "name": "John Bolt",
    "dates": "1952–",
    "era_category": [],
    "traditions": [],
    "bio": "",
    "timeline": [],
    "key_work_ids": [],
    "wts_relevance": true,
    "created_at": "2025-08-16",
    "updated_at": "2025-08-16"
  },
  {
    "id": "theo_3744a9f4a218",
    "slug": "john-kilner",
    "full_name": "John Kilner",
    "name": "John Kilner",
    "dates": "1952–",
    "era_category": [],
    "traditions": [],
    "bio": "",
    "timeline": [],
    "key_work_ids": [],
    "wts_relevance": true,
    "created_at": "2025-08-16",
    "updated_at": "2025-08-16"
  },
  {
    "id": "theo_669053ae4ac4",
    "slug": "john-h.-walton",
    "full_name": "John Walton",
    "name": "John Walton",
    "dates": "1952–",
    "era_category": [],
    "traditions": [],
    "bio": "",
    "timeline": [],
    "key_work_ids": [],
    "wts_relevance": true,
    "created_at": "2025-08-16",
    "updated_at": "2025-08-16"
  },
  {
    "id": "theo_eb125a62f558",
    "slug": "michael-w.-goheen",
    "full_name": "Michael W. Goheen",
    "name": "Michael W. Goheen",
    "dates": "1952–",
    "era_category": [],
    "traditions": [],
    "bio": "",
    "timeline": [],
    "key_work_ids": [],
    "wts_relevance": true,
    "created_at": "2025-08-16",
    "updated_at": "2025-08-16"
  },
  {
    "id": "theo_3907f7b67a12",
    "slug": "peter-j.-gentry",
    "full_name": "Peter J. Gentry",
    "name": "Peter J. Gentry",
    "dates": "1952–",
    "era_category": [],
    "traditions": [],
    "bio": "",
    "timeline": [],
    "key_work_ids": [],
    "wts_relevance": true,
    "created_at": "2025-08-16",
    "updated_at": "2025-08-16"
  },
  {
    "id": "theo_89d38585bc4d",
    "slug": "stephen-williams",
    "full_name": "Stephen Williams",
    "name": "Stephen Williams",
    "dates": "1952–",
    "era_category": [],
    "traditions": [],
    "bio": "",
    "timeline": [],
    "key_work_ids": [],
    "wts_relevance": true,
    "created_at": "2025-08-16",
    "updated_at": "2025-08-16"
  },
  {
    "id": "theo_4b721f3b9f4b",
    "slug": "bruce-a.-ware",
    "full_name": "Bruce A. Ware",
    "name": "Bruce A. Ware",
    "dates": "1953–",
    "era_category": [],
    "traditions": [],
    "bio": "",
    "timeline": [],
    "key_work_ids": [],
    "wts_relevance": true,
    "created_at": "2025-08-16",
    "updated_at": "2025-08-16"
  },
  {
    "id": "theo_7ca89440a026",
    "slug": "bruce-ware",
    "full_name": "Bruce Ware",
    "name": "Bruce Ware",
    "dates": "1953–",
    "era_category": [],
    "traditions": [],
    "bio": "",
    "timeline": [],
    "key_work_ids": [],
    "wts_relevance": true,
    "created_at": "2025-08-16",
    "updated_at": "2025-08-16"
  },
  {
    "id": "theo_9c4ee1701c1d",
    "slug": "douglas-wilson",
    "full_name": "Douglas Wilson",
    "name": "Douglas Wilson",
    "dates": "1953–",
    "era_category": [],
    "traditions": [],
    "bio": "",
    "timeline": [],
    "key_work_ids": [],
    "wts_relevance": true,
    "created_at": "2025-08-16",
    "updated_at": "2025-08-16"
  },
  {
    "id": "theo_03403e7e0f4c",
    "slug": "stephen-g.-dempster",
    "full_name": "Stephen G. Dempster",
    "name": "Stephen G. Dempster",
    "dates": "1953–",
    "era_category": [],
    "traditions": [],
    "bio": "",
    "timeline": [],
    "key_work_ids": [],
    "wts_relevance": true,
    "created_at": "2025-08-16",
    "updated_at": "2025-08-16"
  },
  {
    "id": "theo_84baa215ced7",
    "slug": "c.-john-collins",
    "full_name": "C. John Collins",
    "name": "C. John Collins",
    "dates": "1954–",
    "era_category": [],
    "traditions": [],
    "bio": "",
    "timeline": [],
    "key_work_ids": [],
    "wts_relevance": true,
    "created_at": "2025-08-16",
    "updated_at": "2025-08-16"
  },
  {
    "id": "theo_0ba80b4291cf",
    "slug": "christopher-j.h.-wright",
    "full_name": "Christopher J.H. Wright",
    "name": "Christopher J.H. Wright",
    "dates": "1954–",
    "era_category": [],
    "traditions": [],
    "bio": "",
    "timeline": [],
    "key_work_ids": [],
    "wts_relevance": true,
    "created_at": "2025-08-16",
    "updated_at": "2025-08-16"
  },
  {
    "id": "theo_e937cba4b652",
    "slug": "craig-a.-blaising",
    "full_name": "Craig A. Blaising",
    "name": "Craig A. Blaising",
    "dates": "1954–",
    "era_category": [],
    "traditions": [],
    "bio": "",
    "timeline": [],
    "key_work_ids": [],
    "wts_relevance": true,
    "created_at": "2025-08-16",
    "updated_at": "2025-08-16"
  },
  {
    "id": "theo_36130d033063",
    "slug": "denis-o.-lamoureux",
    "full_name": "Denis O. Lamoureux",
    "name": "Denis O. Lamoureux",
    "dates": "1954–",
    "era_category": [],
    "traditions": [],
    "bio": "",
    "timeline": [],
    "key_work_ids": [],
    "wts_relevance": true,
    "created_at": "2025-08-16",
    "updated_at": "2025-08-16"
  },
  {
    "id": "theo_f9e143095c23",
    "slug": "jack-collins",
    "full_name": "Jack Collins",
    "name": "Jack Collins",
    "dates": "1954–",
    "era_category": [],
    "traditions": [],
    "bio": "",
    "timeline": [],
    "key_work_ids": [],
    "wts_relevance": true,
    "created_at": "2025-08-16",
    "updated_at": "2025-08-16"
  },
  {
    "id": "theo_c5400053c16a",
    "slug": "robert-a.-peterson",
    "full_name": "Robert A. Peterson",
    "name": "Robert A. Peterson",
    "dates": "1954–",
    "era_category": [],
    "traditions": [],
    "bio": "",
    "timeline": [],
    "key_work_ids": [],
    "wts_relevance": true,
    "created_at": "2025-08-16",
    "updated_at": "2025-08-16"
  },
  {
    "id": "theo_7e787547009a",
    "slug": "steve-schlissel",
    "full_name": "Steve Schlissel",
    "name": "Steve Schlissel",
    "dates": "1954–",
    "era_category": [],
    "traditions": [],
    "bio": "",
    "timeline": [],
    "key_work_ids": [],
    "wts_relevance": true,
    "created_at": "2025-08-16",
    "updated_at": "2025-08-16"
  },
  {
    "id": "theo_cad72a3cbae6",
    "slug": "thomas-schreiner",
    "full_name": "Thomas Schreiner",
    "name": "Thomas Schreiner",
    "dates": "1954–",
    "era_category": [],
    "traditions": [],
    "bio": "",
    "timeline": [],
    "key_work_ids": [],
    "wts_relevance": true,
    "created_at": "2025-08-16",
    "updated_at": "2025-08-16"
  },
  {
    "id": "theo_c75d92930c48",
    "slug": "james-davison-hunter",
    "full_name": "James Davison Hunter",
    "name": "James Davison Hunter",
    "dates": "1955–",
    "era_category": [],
    "traditions": [],
    "bio": "",
    "timeline": [],
    "key_work_ids": [],
    "wts_relevance": true,
    "created_at": "2025-08-16",
    "updated_at": "2025-08-16"
  },
  {
    "id": "theo_f5be9f777670",
    "slug": "kim-riddlebarger",
    "full_name": "Kim Riddlebarger",
    "name": "Kim Riddlebarger",
    "dates": "1955–",
    "era_category": [],
    "traditions": [],
    "bio": "",
    "timeline": [],
    "key_work_ids": [],
    "wts_relevance": true,
    "created_at": "2025-08-16",
    "updated_at": "2025-08-16"
  },
  {
    "id": "theo_92ae76efc1c9",
    "slug": "k.-scott-oliphint",
    "full_name": "Scott Oliphint",
    "name": "Scott Oliphint",
    "dates": "1955–",
    "era_category": [],
    "traditions": [],
    "bio": "",
    "timeline": [],
    "key_work_ids": [],
    "wts_relevance": true,
    "created_at": "2025-08-16",
    "updated_at": "2025-08-16"
  },
  {
    "id": "theo_f247e3141ea4",
    "slug": "john-webster",
    "full_name": "John Webster",
    "name": "John Webster",
    "dates": "1955–2016",
    "era_category": [],
    "traditions": [],
    "bio": "",
    "timeline": [],
    "key_work_ids": [],
    "wts_relevance": true,
    "created_at": "2025-08-16",
    "updated_at": "2025-08-16"
  },
  {
    "id": "theo_1f33231ea340",
    "slug": "bruce-mccormack",
    "full_name": "Bruce McCormack",
    "name": "Bruce McCormack",
    "dates": "1956–",
    "era_category": [],
    "traditions": [],
    "bio": "",
    "timeline": [],
    "key_work_ids": [],
    "wts_relevance": true,
    "created_at": "2025-08-16",
    "updated_at": "2025-08-16"
  },
  {
    "id": "theo_87a69481082c",
    "slug": "joel-b.-green",
    "full_name": "Joel B. Green",
    "name": "Joel B. Green",
    "dates": "1956–",
    "era_category": [],
    "traditions": [],
    "bio": "",
    "timeline": [],
    "key_work_ids": [],
    "wts_relevance": true,
    "created_at": "2025-08-16",
    "updated_at": "2025-08-16"
  },
  {
    "id": "theo_ea2928e209cf",
    "slug": "john-sanders",
    "full_name": "John Sanders",
    "name": "John Sanders",
    "dates": "1956–",
    "era_category": [],
    "traditions": [],
    "bio": "",
    "timeline": [],
    "key_work_ids": [],
    "wts_relevance": true,
    "created_at": "2025-08-16",
    "updated_at": "2025-08-16"
  },
  {
    "id": "theo_cf2f4adad47b",
    "slug": "peter-a.-lillback",
    "full_name": "Peter A. Lillback",
    "name": "Peter A. Lillback",
    "dates": "1956–",
    "era_category": [],
    "traditions": [],
    "bio": "",
    "timeline": [],
    "key_work_ids": [],
    "wts_relevance": true,
    "created_at": "2025-08-16",
    "updated_at": "2025-08-16"
  },
  {
    "id": "theo_2bdd1f506621",
    "slug": "richard-lints",
    "full_name": "Richard Lints",
    "name": "Richard Lints",
    "dates": "1956–",
    "era_category": [],
    "traditions": [],
    "bio": "",
    "timeline": [],
    "key_work_ids": [],
    "wts_relevance": true,
    "created_at": "2025-08-16",
    "updated_at": "2025-08-16"
  },
  {
    "id": "theo_a29ba29230cf",
    "slug": "william-b.-evans",
    "full_name": "William B. Evans",
    "name": "William B. Evans",
    "dates": "1956–",
    "era_category": [],
    "traditions": [],
    "bio": "",
    "timeline": [],
    "key_work_ids": [],
    "wts_relevance": true,
    "created_at": "2025-08-16",
    "updated_at": "2025-08-16"
  },
  {
    "id": "theo_250a416a4fbe",
    "slug": "kevin-j.-vanhoozer",
    "full_name": "Kevin Vanhoozer",
    "name": "Kevin Vanhoozer",
    "dates": "1957–",
    "era_category": [],
    "traditions": [],
    "bio": "",
    "timeline": [],
    "key_work_ids": [],
    "wts_relevance": true,
    "created_at": "2025-08-16",
    "updated_at": "2025-08-16"
  },
  {
    "id": "theo_ddfcded3c9f2",
    "slug": "scott-hahn",
    "full_name": "Scott Hahn",
    "name": "Scott Hahn",
    "dates": "1957–",
    "era_category": [],
    "traditions": [],
    "bio": "",
    "timeline": [],
    "key_work_ids": [],
    "wts_relevance": true,
    "created_at": "2025-08-16",
    "updated_at": "2025-08-16"
  },
  {
    "id": "theo_db4c242e157e",
    "slug": "peter-j.-leithart",
    "full_name": "Peter J. Leithart",
    "name": "Peter J. Leithart",
    "dates": "1959–",
    "era_category": [],
    "traditions": [],
    "bio": "",
    "timeline": [],
    "key_work_ids": [],
    "wts_relevance": true,
    "created_at": "2025-08-16",
    "updated_at": "2025-08-16"
  },
  {
    "id": "theo_1b2fdad3e936",
    "slug": "craig-s.-keener",
    "full_name": "Craig S. Keener",
    "name": "Craig S. Keener",
    "dates": "1960–",
    "era_category": [],
    "traditions": [],
    "bio": "",
    "timeline": [],
    "key_work_ids": [],
    "wts_relevance": true,
    "created_at": "2025-08-16",
    "updated_at": "2025-08-16"
  },
  {
    "id": "theo_fc3eabd5aa80",
    "slug": "gregory-e.-ganssle",
    "full_name": "Gregory E. Ganssle",
    "name": "Gregory E. Ganssle",
    "dates": "1960–",
    "era_category": [],
    "traditions": [],
    "bio": "",
    "timeline": [],
    "key_work_ids": [],
    "wts_relevance": true,
    "created_at": "2025-08-16",
    "updated_at": "2025-08-16"
  },
  {
    "id": "theo_f25de9f16710",
    "slug": "john-witte-jr.",
    "full_name": "John Witte Jr.",
    "name": "John Witte Jr.",
    "dates": "1960–",
    "era_category": [],
    "traditions": [],
    "bio": "",
    "timeline": [],
    "key_work_ids": [],
    "wts_relevance": true,
    "created_at": "2025-08-16",
    "updated_at": "2025-08-16"
  },
  {
    "id": "theo_c5f2a3d33392",
    "slug": "craig-a.-carter",
    "full_name": "Craig A. Carter",
    "name": "Craig A. Carter",
    "dates": "1961–",
    "era_category": [],
    "traditions": [],
    "bio": "",
    "timeline": [],
    "key_work_ids": [],
    "wts_relevance": true,
    "created_at": "2025-08-16",
    "updated_at": "2025-08-16"
  },
  {
    "id": "theo_91921236198f",
    "slug": "craig-bartholomew",
    "full_name": "Craig Bartholomew",
    "name": "Craig Bartholomew",
    "dates": "1961–",
    "era_category": [],
    "traditions": [],
    "bio": "",
    "timeline": [],
    "key_work_ids": [],
    "wts_relevance": true,
    "created_at": "2025-08-16",
    "updated_at": "2025-08-16"
  },
  {
    "id": "theo_83c30089ae5d",
    "slug": "peter-enns",
    "full_name": "Peter Enns",
    "name": "Peter Enns",
    "dates": "1961–",
    "era_category": [],
    "traditions": [],
    "bio": "",
    "timeline": [],
    "key_work_ids": [],
    "wts_relevance": true,
    "created_at": "2025-08-16",
    "updated_at": "2025-08-16"
  },
  {
    "id": "theo_f0cb4a8e8d8e",
    "slug": "r.-scott-clark",
    "full_name": "R. Scott Clark",
    "name": "R. Scott Clark",
    "dates": "1961–",
    "era_category": [],
    "traditions": [],
    "bio": "",
    "timeline": [],
    "key_work_ids": [],
    "wts_relevance": true,
    "created_at": "2025-08-16",
    "updated_at": "2025-08-16"
  },
  {
    "id": "theo_36e05d3dea37",
    "slug": "stephen-j.-wellum",
    "full_name": "Stephen Wellum",
    "name": "Stephen Wellum",
    "dates": "1961–",
    "era_category": [],
    "traditions": [],
    "bio": "",
    "timeline": [],
    "key_work_ids": [],
    "wts_relevance": true,
    "created_at": "2025-08-16",
    "updated_at": "2025-08-16"
  },
  {
    "id": "theo_6d9c8819a37e",
    "slug": "michael-s.-heiser",
    "full_name": "Michael S. Heiser",
    "name": "Michael S. Heiser",
    "dates": "1963–2023",
    "era_category": [],
    "traditions": [],
    "bio": "",
    "timeline": [],
    "key_work_ids": [],
    "wts_relevance": true,
    "created_at": "2025-08-16",
    "updated_at": "2025-08-16"
  },
  {
    "id": "theo_af308ef786d9",
    "slug": "michael-s.-horton",
    "full_name": "Michael Horton",
    "name": "Michael Horton",
    "dates": "1964–",
    "era_category": [],
    "traditions": [],
    "bio": "",
    "timeline": [],
    "key_work_ids": [],
    "wts_relevance": true,
    "created_at": "2025-08-16",
    "updated_at": "2025-08-16"
  },
  {
    "id": "theo_ae91ac424107",
    "slug": "david-w.-pao",
    "full_name": "David W. Pao",
    "name": "David W. Pao",
    "dates": "1966–",
    "era_category": [],
    "traditions": [],
    "bio": "",
    "timeline": [],
    "key_work_ids": [],
    "wts_relevance": true,
    "created_at": "2025-08-16",
    "updated_at": "2025-08-16"
  },
  {
    "id": "theo_e85049ceff8c",
    "slug": "gregg-strawbridge",
    "full_name": "Gregg Strawbridge",
    "name": "Gregg Strawbridge",
    "dates": "1966–2020",
    "era_category": [],
    "traditions": [],
    "bio": "",
    "timeline": [],
    "key_work_ids": [],
    "wts_relevance": true,
    "created_at": "2025-08-16",
    "updated_at": "2025-08-16"
  },
  {
    "id": "theo_a656f32e9b90",
    "slug": "andy-crouch",
    "full_name": "Andy Crouch",
    "name": "Andy Crouch",
    "dates": "1967–",
    "era_category": [],
    "traditions": [],
    "bio": "",
    "timeline": [],
    "key_work_ids": [],
    "wts_relevance": true,
    "created_at": "2025-08-16",
    "updated_at": "2025-08-16"
  },
  {
    "id": "theo_1cc34e17dc6c",
    "slug": "fred-sanders",
    "full_name": "Fred Sanders",
    "name": "Fred Sanders",
    "dates": "1968–",
    "era_category": [],
    "traditions": [],
    "bio": "",
    "timeline": [],
    "key_work_ids": [],
    "wts_relevance": true,
    "created_at": "2025-08-16",
    "updated_at": "2025-08-16"
  },
  {
    "id": "theo_ac2c3a643839",
    "slug": "paul-r.-williamson",
    "full_name": "Paul R. Williamson",
    "name": "Paul R. Williamson",
    "dates": "1968–",
    "era_category": [],
    "traditions": [],
    "bio": "",
    "timeline": [],
    "key_work_ids": [],
    "wts_relevance": true,
    "created_at": "2025-08-16",
    "updated_at": "2025-08-16"
  },
  {
    "id": "theo_79b64162384d",
    "slug": "james-k.a.-smith",
    "full_name": "James K.A. Smith",
    "name": "James K.A. Smith",
    "dates": "1970–",
    "era_category": [],
    "traditions": [],
    "bio": "",
    "timeline": [],
    "key_work_ids": [],
    "wts_relevance": true,
    "created_at": "2025-08-16",
    "updated_at": "2025-08-16"
  },
  {
    "id": "theo_3fae8b44ffbb",
    "slug": "stephen-j.-nichols",
    "full_name": "Stephen J. Nichols",
    "name": "Stephen J. Nichols",
    "dates": "1970–",
    "era_category": [],
    "traditions": [],
    "bio": "",
    "timeline": [],
    "key_work_ids": [],
    "wts_relevance": true,
    "created_at": "2025-08-16",
    "updated_at": "2025-08-16"
  },
  {
    "id": "theo_c519c93fc303",
    "slug": "david-vandrunen",
    "full_name": "David VanDrunen",
    "name": "David VanDrunen",
    "dates": "1971–",
    "era_category": [],
    "traditions": [],
    "bio": "",
    "timeline": [],
    "key_work_ids": [],
    "wts_relevance": true,
    "created_at": "2025-08-16",
    "updated_at": "2025-08-16"
  },
  {
    "id": "theo_6d606eaa0755",
    "slug": "guy-prentiss-waters",
    "full_name": "Guy Prentiss Waters",
    "name": "Guy Prentiss Waters",
    "dates": "1971–",
    "era_category": [],
    "traditions": [],
    "bio": "",
    "timeline": [],
    "key_work_ids": [],
    "wts_relevance": true,
    "created_at": "2025-08-16",
    "updated_at": "2025-08-16"
  },
  {
    "id": "theo_fb41f730ec94",
    "slug": "stephen-r.-holmes",
    "full_name": "Stephen R. Holmes",
    "name": "Stephen R. Holmes",
    "dates": "1971–",
    "era_category": [],
    "traditions": [],
    "bio": "",
    "timeline": [],
    "key_work_ids": [],
    "wts_relevance": true,
    "created_at": "2025-08-16",
    "updated_at": "2025-08-16"
  },
  {
    "id": "theo_6433fe86a5ab",
    "slug": "andrew-s.-farley",
    "full_name": "Andrew S. Farley",
    "name": "Andrew S. Farley",
    "dates": "1972–",
    "era_category": [],
    "traditions": [],
    "bio": "",
    "timeline": [],
    "key_work_ids": [],
    "wts_relevance": true,
    "created_at": "2025-08-16",
    "updated_at": "2025-08-16"
  },
  {
    "id": "theo_02d402e5475a",
    "slug": "james-m.-hamilton-jr.",
    "full_name": "James M. Hamilton Jr.",
    "name": "James M. Hamilton Jr.",
    "dates": "1972–",
    "era_category": [],
    "traditions": [],
    "bio": "",
    "timeline": [],
    "key_work_ids": [],
    "wts_relevance": true,
    "created_at": "2025-08-16",
    "updated_at": "2025-08-16"
  },
  {
    "id": "theo_22ef9458fcfb",
    "slug": "lane-g.-tipton",
    "full_name": "Lane Tipton",
    "name": "Lane Tipton",
    "dates": "1972–",
    "era_category": [],
    "traditions": [],
    "bio": "",
    "timeline": [],
    "key_work_ids": [],
    "wts_relevance": true,
    "created_at": "2025-08-16",
    "updated_at": "2025-08-16"
  },
  {
    "id": "theo_253aff752917",
    "slug": "catherine-mcdowell",
    "full_name": "Catherine McDowell",
    "name": "Catherine McDowell",
    "dates": "1973–",
    "era_category": [],
    "traditions": [],
    "bio": "",
    "timeline": [],
    "key_work_ids": [],
    "wts_relevance": true,
    "created_at": "2025-08-16",
    "updated_at": "2025-08-16"
  },
  {
    "id": "theo_e8276ea197d4",
    "slug": "michael-kruger",
    "full_name": "Michael Kruger",
    "name": "Michael Kruger",
    "dates": "1973–",
    "era_category": [],
    "traditions": [],
    "bio": "",
    "timeline": [],
    "key_work_ids": [],
    "wts_relevance": true,
    "created_at": "2025-08-16",
    "updated_at": "2025-08-16"
  },
  {
    "id": "theo_d6bf4a24a133",
    "slug": "grant-macaskill",
    "full_name": "Grant Macaskill",
    "name": "Grant Macaskill",
    "dates": "1974–",
    "era_category": [],
    "traditions": [],
    "bio": "",
    "timeline": [],
    "key_work_ids": [],
    "wts_relevance": true,
    "created_at": "2025-08-16",
    "updated_at": "2025-08-16"
  },
  {
    "id": "theo_fa8a504fb4f7",
    "slug": "scott-r.-swain",
    "full_name": "Scott Swain",
    "name": "Scott Swain",
    "dates": "1974–",
    "era_category": [],
    "traditions": [],
    "bio": "",
    "timeline": [],
    "key_work_ids": [],
    "wts_relevance": true,
    "created_at": "2025-08-16",
    "updated_at": "2025-08-16"
  },
  {
    "id": "theo_830cb1a44a3d",
    "slug": "kevin-deyoung",
    "full_name": "Kevin DeYoung",
    "name": "Kevin DeYoung",
    "dates": "1977–",
    "era_category": [],
    "traditions": [],
    "bio": "",
    "timeline": [],
    "key_work_ids": [],
    "wts_relevance": true,
    "created_at": "2025-08-16",
    "updated_at": "2025-08-16"
  },
  {
    "id": "theo_8ceeb8401423",
    "slug": "james-e.-dolezal",
    "full_name": "James E. Dolezal",
    "name": "James E. Dolezal",
    "dates": "1979–",
    "era_category": [],
    "traditions": [],
    "bio": "",
    "timeline": [],
    "key_work_ids": [],
    "wts_relevance": true,
    "created_at": "2025-08-16",
    "updated_at": "2025-08-16"
  },
  {
    "id": "theo_d04d5e20087a",
    "slug": "michael-allen",
    "full_name": "Michael Allen",
    "name": "Michael Allen",
    "dates": "1979–",
    "era_category": [],
    "traditions": [],
    "bio": "",
    "timeline": [],
    "key_work_ids": [],
    "wts_relevance": true,
    "created_at": "2025-08-16",
    "updated_at": "2025-08-16"
  },
  {
    "id": "theo_abe64b308111",
    "slug": "michael-f.-bird",
    "full_name": "Michael Bird",
    "name": "Michael Bird",
    "dates": "1979–",
    "era_category": [],
    "traditions": [],
    "bio": "",
    "timeline": [],
    "key_work_ids": [],
    "wts_relevance": true,
    "created_at": "2025-08-16",
    "updated_at": "2025-08-16"
  },
  {
    "id": "theo_83f0d17280ee",
    "slug": "augustine",
    "full_name": "Augustine",
    "name": "Augustine",
    "dates": "354–430",
    "era_category": [],
    "traditions": [],
    "bio": "",
    "timeline": [],
    "key_work_ids": [],
    "wts_relevance": true,
    "created_at": "2025-08-16",
    "updated_at": "2025-08-16"
  },
  {
    "id": "theo_ab240b3f6a92",
    "slug": "benjamin-d.-sommer",
    "full_name": "Benjamin D. Sommer",
    "name": "Benjamin D. Sommer",
    "dates": "b. 1964",
    "era_category": [],
    "traditions": [],
    "bio": "",
    "timeline": [],
    "key_work_ids": [],
    "wts_relevance": true,
    "created_at": "2025-08-16",
    "updated_at": "2025-08-16"
  },
  {
    "id": "theo_d53e971ea6bf",
    "slug": "peter-lombard",
    "full_name": "Peter Lombard",
    "name": "Peter Lombard",
    "dates": "c. 1100–1160",
    "era_category": [],
    "traditions": [],
    "bio": "",
    "timeline": [],
    "key_work_ids": [],
    "wts_relevance": true,
    "created_at": "2025-08-16",
    "updated_at": "2025-08-16"
  },
  {
    "id": "theo_cc7d4d9a7487",
    "slug": "tertullian",
    "full_name": "Tertullian",
    "name": "Tertullian",
    "dates": "c. 155–c. 220",
    "era_category": [],
    "traditions": [],
    "bio": "",
    "timeline": [],
    "key_work_ids": [],
    "wts_relevance": true,
    "created_at": "2025-08-16",
    "updated_at": "2025-08-16"
  },
  {
    "id": "theo_1435179f3f99",
    "slug": "origen",
    "full_name": "Origen",
    "name": "Origen",
    "dates": "c. 184–c. 253",
    "era_category": [],
    "traditions": [],
    "bio": "",
    "timeline": [],
    "key_work_ids": [],
    "wts_relevance": true,
    "created_at": "2025-08-16",
    "updated_at": "2025-08-16"
  },
  {
    "id": "theo_300946e7a3ae",
    "slug": "cyprian-of-carthage",
    "full_name": "Cyprian of Carthage",
    "name": "Cyprian of Carthage",
    "dates": "c. 200–258",
    "era_category": [],
    "traditions": [],
    "bio": "",
    "timeline": [],
    "key_work_ids": [],
    "wts_relevance": true,
    "created_at": "2025-08-16",
    "updated_at": "2025-08-16"
  },
  {
    "id": "theo_7e01906ba665",
    "slug": "athanasius",
    "full_name": "Athanasius",
    "name": "Athanasius",
    "dates": "c. 296–373",
    "era_category": [],
    "traditions": [],
    "bio": "",
    "timeline": [],
    "key_work_ids": [],
    "wts_relevance": true,
    "created_at": "2025-08-16",
    "updated_at": "2025-08-16"
  },
  {
    "id": "theo_584462a0e137",
    "slug": "hilary-of-poitiers",
    "full_name": "Hilary of Poitiers",
    "name": "Hilary of Poitiers",
    "dates": "c. 310–367",
    "era_category": [],
    "traditions": [],
    "bio": "",
    "timeline": [],
    "key_work_ids": [],
    "wts_relevance": true,
    "created_at": "2025-08-16",
    "updated_at": "2025-08-16"
  },
  {
    "id": "theo_5a1ed78e3df5",
    "slug": "didymus-the-blind",
    "full_name": "Didymus the Blind",
    "name": "Didymus the Blind",
    "dates": "c. 313–398",
    "era_category": [],
    "traditions": [],
    "bio": "",
    "timeline": [],
    "key_work_ids": [],
    "wts_relevance": true,
    "created_at": "2025-08-16",
    "updated_at": "2025-08-16"
  },
  {
    "id": "theo_84dbbe358193",
    "slug": "basil-of-caesarea",
    "full_name": "Basil of Caesarea",
    "name": "Basil of Caesarea",
    "dates": "c. 329–379",
    "era_category": [],
    "traditions": [],
    "bio": "",
    "timeline": [],
    "key_work_ids": [],
    "wts_relevance": true,
    "created_at": "2025-08-16",
    "updated_at": "2025-08-16"
  },
  {
    "id": "theo_3eb6e47e9aa7",
    "slug": "gregory-of-nazianzus",
    "full_name": "Gregory of Nazianzus",
    "name": "Gregory of Nazianzus",
    "dates": "c. 329–390",
    "era_category": [],
    "traditions": [],
    "bio": "",
    "timeline": [],
    "key_work_ids": [],
    "wts_relevance": true,
    "created_at": "2025-08-16",
    "updated_at": "2025-08-16"
  },
  {
    "id": "theo_806f5b4fcc4e",
    "slug": "pelagius",
    "full_name": "Pelagius",
    "name": "Pelagius",
    "dates": "c. 354–418",
    "era_category": [],
    "traditions": [],
    "bio": "",
    "timeline": [],
    "key_work_ids": [],
    "wts_relevance": true,
    "created_at": "2025-08-16",
    "updated_at": "2025-08-16"
  },
  {
    "id": "theo_279be4f471f2",
    "slug": "john-cassian",
    "full_name": "John Cassian",
    "name": "John Cassian",
    "dates": "c. 360–435",
    "era_category": [],
    "traditions": [],
    "bio": "",
    "timeline": [],
    "key_work_ids": [],
    "wts_relevance": true,
    "created_at": "2025-08-16",
    "updated_at": "2025-08-16"
  },
  {
    "id": "theo_4783fa7ae4a1",
    "slug": "cyril-of-alexandria",
    "full_name": "Cyril of Alexandria",
    "name": "Cyril of Alexandria",
    "dates": "c. 376–444",
    "era_category": [],
    "traditions": [],
    "bio": "",
    "timeline": [],
    "key_work_ids": [],
    "wts_relevance": true,
    "created_at": "2025-08-16",
    "updated_at": "2025-08-16"
  },
  {
    "id": "theo_c506923bbadd",
    "slug": "julian-of-eclanum",
    "full_name": "Julian of Eclanum",
    "name": "Julian of Eclanum",
    "dates": "c. 386–c. 455",
    "era_category": [],
    "traditions": [],
    "bio": "",
    "timeline": [],
    "key_work_ids": [],
    "wts_relevance": true,
    "created_at": "2025-08-16",
    "updated_at": "2025-08-16"
  },
  {
    "id": "theo_23249f28d327",
    "slug": "prosper-of-aquitaine",
    "full_name": "Prosper of Aquitaine",
    "name": "Prosper of Aquitaine",
    "dates": "c. 390–c. 455",
    "era_category": [],
    "traditions": [],
    "bio": "",
    "timeline": [],
    "key_work_ids": [],
    "wts_relevance": true,
    "created_at": "2025-08-16",
    "updated_at": "2025-08-16"
  },
  {
    "id": "theo_fb9a9a28a29c",
    "slug": "leo-the-great",
    "full_name": "Leo the Great",
    "name": "Leo the Great",
    "dates": "c. 400–461",
    "era_category": [],
    "traditions": [],
    "bio": "",
    "timeline": [],
    "key_work_ids": [],
    "wts_relevance": true,
    "created_at": "2025-08-16",
    "updated_at": "2025-08-16"
  },
  {
    "id": "theo_da45567a3f04",
    "slug": "maximus-the-confessor",
    "full_name": "Maximus the Confessor",
    "name": "Maximus the Confessor",
    "dates": "c. 580–662",
    "era_category": [],
    "traditions": [],
    "bio": "",
    "timeline": [],
    "key_work_ids": [],
    "wts_relevance": true,
    "created_at": "2025-08-16",
    "updated_at": "2025-08-16"
  },
  {
    "id": "theo_905c6b50edbb",
    "slug": "john-of-damascus",
    "full_name": "John of Damascus",
    "name": "John of Damascus",
    "dates": "c. 675–749",
    "era_category": [],
    "traditions": [],
    "bio": "",
    "timeline": [],
    "key_work_ids": [],
    "wts_relevance": true,
    "created_at": "2025-08-16",
    "updated_at": "2025-08-16"
  },
  {
    "id": "theo_31c89b70aeb8",
    "slug": "photius",
    "full_name": "Photius",
    "name": "Photius",
    "dates": "c. 810–893",
    "era_category": [],
    "traditions": [],
    "bio": "",
    "timeline": [],
    "key_work_ids": [],
    "wts_relevance": true,
    "created_at": "2025-08-16",
    "updated_at": "2025-08-16"
  },
  {
    "id": "theo_367a26eccf22",
    "slug": "richard-of-st.-victor",
    "full_name": "Richard of St. Victor",
    "name": "Richard of St. Victor",
    "dates": "d. 1173",
    "era_category": [],
    "traditions": [],
    "bio": "",
    "timeline": [],
    "key_work_ids": [],
    "wts_relevance": true,
    "created_at": "2025-08-16",
    "updated_at": "2025-08-16"
  }
]
